source,author?,title,content,description?,url,image_url?,published_at,tags
France 24,No Author,"مدير المرصد السوري لحقوق الإنسان لفرانس24: زيارة الشرع إلى اللاذقية وطرطوس ""رسالة طمأنة إلى الطائفة العلوية""",No Content,لاقت زيارة الرئيس السوري الانتقالي أحمد الشرع الأحد إلى محافظتي اللاذقية وطرطوس الساحليتين استقبالا شعبيا لافتا، إذ تجمع آلاف الأشخاص أثناء مرور موكب الزعيم السوري الجديد وهتفوا بشعارات مرحبة بقدومه. وخلال حلوله بالمنطقتين اللتين كانتا معقلا للرئيس المخلوع بشار الأسد، التقى الشرع عددا من الوجهاء والأعيان، ما جعل مراقبين يقدرون أن ذلك يعكس استعداد القوى الحية والمجتمعية بما فيها تلك المنتمية إلى الطائفة العلوية للانخراط في التحول الجاري بسوريا. في مقابلة مع فرانس24، اعتبر مدير المرصد السوري لحقوق الإنسان، رامي عبد الرحمن أن الخطوة تعد رسالة طمأنة قوية إلى الطائفة العلوية، وتعبيرا عن الرغبة في تحقيق السلم الأهلي والحيلولة دون أي تدخل خارجي.,https://www.france24.com/ar/%D8%A7%D9%84%D8%B4%D8%B1%D9%82-%D8%A7%D9%84%D8%A3%D9%88%D8%B3%D8%B7/20250217-%D9%85%D8%AF%D9%8A%D8%B1-%D8%A7%D9%84%D9%85%D8%B1%D8%B5%D8%AF-%D8%A7%D9%84%D8%B3%D9%88%D8%B1%D9%8A-%D9%84%D8%AD%D9%82%D9%88%D9%82-%D8%A7%D9%84%D8%A5%D9%86%D8%B3%D8%A7%D9%86-%D9%84%D9%81%D8%B1%D8%A7%D9%86%D8%B324-%D8%B2%D9%8A%D8%A7%D8%B1%D8%A9-%D8%A7%D9%84%D8%B4%D8%B1%D8%B9-%D8%A5%D9%84%D9%89-%D8%A7%D9%84%D9%84%D8%A7%D8%B0%D9%82%D9%8A%D8%A9-%D9%88%D8%B7%D8%B1%D8%B7%D9%88%D8%B3-%D8%B1%D8%B3%D8%A7%D9%84%D8%A9-%D8%B7%D9%85%D8%A3%D9%86%D8%A9-%D8%A5%D9%84%D9%89-%D8%A7%D9%84%D8%B7%D8%A7%D8%A6%D9%81%D8%A9-%D8%A7%D9%84%D8%B9%D9%84%D9%88%D9%8A%D8%A9,https://s.france24.com/media/display/e72d61b4-ed3c-11ef-b6d5-005056bfb2b6/w:1280/p:16x9/000_36XZ7CZ.jpg,No Published Date,"حوار


                                    الشرق الأوسط"
France 24,No Author,في أوكرانيا... مدنيون متطوعون يطاردون الطائرات المسيرة,No Content,No Description,https://www.france24.com/ar/%D8%A3%D9%88%D8%B1%D9%88%D8%A8%D8%A7/20250217-%D9%81%D9%8A-%D8%A3%D9%88%D9%83%D8%B1%D8%A7%D9%86%D9%8A%D8%A7-%D9%85%D8%AF%D9%86%D9%8A%D9%88%D9%86-%D9%85%D8%AA%D8%B7%D9%88%D8%B9%D9%88%D9%86-%D9%8A%D8%B7%D8%A7%D8%B1%D8%AF%D9%88%D9%86-%D8%A7%D9%84%D8%B7%D8%A7%D8%A6%D8%B1%D8%A7%D8%AA-%D8%A7%D9%84%D9%85%D8%B3%D9%8A%D8%B1%D8%A9,https://s.france24.com/media/display/a1a18f58-ea4e-11ef-840d-005056bfb2b6/w:720/p:16x9/02-7.png,No Published Date,"ريبورتاج


                                    أوروبا"
France 24,No Author,"الحكومة اللبنانية تؤكد في بيانها الوزاري... ""احتكار"" الدولة لحمل السلاح و""تحرير"" جميع الأراضي",No Content,No Description,https://www.france24.com/ar/%D8%A7%D9%84%D8%B4%D8%B1%D9%82-%D8%A7%D9%84%D8%A3%D9%88%D8%B3%D8%B7/20250217-%D8%A7%D9%84%D8%AD%D9%83%D9%88%D9%85%D8%A9-%D8%A7%D9%84%D9%84%D8%A8%D9%86%D8%A7%D9%86%D9%8A%D8%A9-%D8%AA%D8%A4%D9%83%D8%AF-%D9%81%D9%8A-%D8%A8%D9%8A%D8%A7%D9%86%D9%87%D8%A7-%D8%A7%D9%84%D9%88%D8%B2%D8%A7%D8%B1%D9%8A-%D8%A7%D8%AD%D8%AA%D9%83%D8%A7%D8%B1-%D8%A7%D9%84%D8%AF%D9%88%D9%84%D8%A9-%D9%84%D8%AD%D9%85%D9%84-%D8%A7%D9%84%D8%B3%D9%84%D8%A7%D8%AD-%D9%88-%D8%AA%D8%AD%D8%B1%D9%8A%D8%B1-%D8%AC%D9%85%D9%8A%D8%B9-%D8%A7%D9%84%D8%A3%D8%B1%D8%A7%D8%B6%D9%8A,https://s.france24.com/media/display/defc3aaa-d258-11ef-bd10-005056a97e36/w:720/p:16x9/capture-184285036367862c7cdf63c3.38304257.jpg,No Published Date,الشرق الأوسط
France 24,No Author,رشيدة داتي أول وزيرة فرنسية تزور الصحراء الغربية دعما للسيادة المغربية على المنطقة,No Content,No Description,https://www.france24.com/ar/%D8%A7%D9%84%D8%A3%D8%AE%D8%A8%D8%A7%D8%B1-%D8%A7%D9%84%D9%85%D8%BA%D8%A7%D8%B1%D8%A8%D9%8A%D8%A9/20250217-%D8%B1%D8%B4%D9%8A%D8%AF%D8%A9-%D8%AF%D8%A7%D8%AA%D9%8A-%D8%A3%D9%88%D9%84-%D9%88%D8%B2%D9%8A%D8%B1%D8%A9-%D9%81%D8%B1%D9%86%D8%B3%D9%8A%D8%A9-%D8%AA%D8%B2%D9%88%D8%B1-%D8%A7%D9%84%D8%B5%D8%AD%D8%B1%D8%A7%D8%A1-%D8%A7%D9%84%D8%BA%D8%B1%D8%A8%D9%8A%D8%A9-%D8%AF%D8%B9%D9%85%D8%A7-%D9%84%D9%84%D8%B3%D9%8A%D8%A7%D8%AF%D8%A9-%D8%A7%D9%84%D9%85%D8%BA%D8%B1%D8%A8%D9%8A%D8%A9-%D8%B9%D9%84%D9%89-%D8%A7%D9%84%D9%85%D9%86%D8%B7%D9%82%D8%A9,https://s.france24.com/media/display/bf1b3168-ed52-11ef-8648-005056a90284/w:720/p:16x9/f1b1367056dde039d8d03c38994401ae25dabd7e.jpg,No Published Date,الأخبار المغاربية
France 24,No Author,"البابا فرنسيس يعاني من ""حالة سريرية معقدة"" تستدعي تمديد فترة إقامته بالمستشفى",No Content,No Description,https://www.france24.com/ar/%D8%A3%D9%88%D8%B1%D9%88%D8%A8%D8%A7/20250217-%D8%A7%D9%84%D8%A8%D8%A7%D8%A8%D8%A7-%D9%81%D8%B1%D9%86%D8%B3%D9%8A%D8%B3-%D9%8A%D8%B9%D8%A7%D9%86%D9%8A-%D9%85%D9%86-%D8%AD%D8%A7%D9%84%D8%A9-%D8%B3%D8%B1%D9%8A%D8%B1%D9%8A%D8%A9-%D9%85%D8%B9%D9%82%D8%AF%D8%A9-%D8%AA%D8%B3%D8%AA%D8%AF%D8%B9%D9%8A-%D8%AA%D9%85%D8%AF%D9%8A%D8%AF-%D9%81%D8%AA%D8%B1%D8%A9-%D8%A5%D9%82%D8%A7%D9%85%D8%AA%D9%87-%D8%A8%D8%A7%D9%84%D9%85%D8%B3%D8%AA%D8%B4%D9%81%D9%89,https://s.france24.com/media/display/2d2d45c2-ecc4-11ef-aa1d-005056bf30b7/w:720/p:16x9/000_36WW4T9.jpg,No Published Date,أوروبا
France 24,No Author,"المغني الفرنسي إنريكو ماسياس: ""أحلم بالعودة إلى الجزائر قبل أن أغادر الحياة""",No Content,No Description,https://www.france24.com/ar/%D8%AB%D9%82%D8%A7%D9%81%D8%A9/20250217-%D8%A7%D9%84%D9%85%D8%BA%D9%86%D9%8A-%D8%A5%D9%86%D8%B1%D9%8A%D9%83%D9%88-%D9%85%D8%A7%D8%B3%D9%8A%D8%A7%D8%B3-%D8%A3%D8%B1%D9%8A%D8%AF-%D8%A7%D9%84%D8%B9%D9%88%D8%AF%D8%A9-%D8%A5%D9%84%D9%89-%D8%A7%D9%84%D8%AC%D8%B2%D8%A7%D8%A6%D8%B1-%D9%82%D8%A8%D9%84-%D8%A7%D9%84%D9%85%D9%88%D8%AA,https://s.france24.com/media/display/ae17b1a6-ed17-11ef-9b56-005056a90284/w:720/p:16x9/15022019v_enrico_macias_maroc-1.jpg,No Published Date,ثقافة
France 24,No Author,إرجاء القمة العربية المصغرة في الرياض بشأن غزة إلى الجمعة,No Content,No Description,https://www.france24.com/ar/%D8%A7%D9%84%D8%B4%D8%B1%D9%82-%D8%A7%D9%84%D8%A3%D9%88%D8%B3%D8%B7/20250217-%D8%BA%D8%B2%D8%A9-%D8%AD%D9%85%D8%A7%D8%B3-%D8%A5%D8%B3%D8%B1%D8%A7%D8%A6%D9%8A%D9%84-%D9%82%D9%85%D8%A9-%D8%A5%D8%B1%D8%AC%D8%A7%D8%A1-%D8%B9%D8%B1%D8%A8%D9%8A%D8%A9-%D9%85%D8%B5%D8%BA%D8%B1%D8%A9-%D8%A7%D9%84%D8%B1%D9%8A%D8%A7%D8%B6-%D8%AE%D8%B7%D8%A9-%D8%AA%D8%B1%D8%A7%D9%85%D8%A8,https://s.france24.com/media/display/75768016-e0a1-11ef-8265-005056bf30b7/w:720/p:16x9/000_36WT8ZC.jpg,No Published Date,الشرق الأوسط
France 24,No Author,الحكومة الإسرائيلية المصغرة تناقش المرحلة الثانية من اتفاق الهدنة في غزة وروبيو في السعودية,No Content,"تبحث الحكومة الإسرائيلية المصغرة الإثنين المرحلة الثانية من اتفاق الهدنة في غزة. وفي هذا الإطار، قال مكتب بنيامين نتانياهو إن مجلس الوزراء الأمني سيعقد اجتماعا الإثنين لمناقشة المرحلة الثانية، وصرح ""إن رئيس الوزراء سيرسل أيضا مفاوضين إلى القاهرة لمناقشة مواصلة تنفيذ المرحلة الأولى"". بالتزامن، وصل وزير الخارجية الأمريكي ماركو روبيو إلى السعودية قادما من إسرائيل للدفاع عن اقتراح دونالد ترامب السيطرة على قطاع غزة.",https://www.france24.com/ar/%D8%A7%D9%84%D8%B4%D8%B1%D9%82-%D8%A7%D9%84%D8%A3%D9%88%D8%B3%D8%B7/20250217-%D8%A7%D9%84%D8%AD%D9%83%D9%88%D9%85%D8%A9-%D8%A7%D9%84%D8%A5%D8%B3%D8%B1%D8%A7%D8%A6%D9%8A%D9%84%D9%8A%D8%A9-%D8%A7%D9%84%D9%85%D8%B5%D8%BA%D8%B1%D8%A9-%D8%AA%D9%86%D8%A7%D9%82%D8%B4-%D8%A7%D9%84%D9%85%D8%B1%D8%AD%D9%84%D8%A9-%D8%A7%D9%84%D8%AB%D8%A7%D9%86%D9%8A%D8%A9-%D9%85%D9%86-%D8%A7%D8%AA%D9%81%D8%A7%D9%82-%D8%A7%D9%84%D9%87%D8%AF%D9%86%D8%A9-%D9%81%D9%8A-%D8%BA%D8%B2%D8%A9-%D9%88%D8%B1%D9%88%D8%A8%D9%8A%D9%88-%D9%81%D9%8A-%D8%A7%D9%84%D8%B3%D8%B9%D9%88%D8%AF%D9%8A%D8%A9,https://s.france24.com/media/display/dfbfa514-a75a-11ee-8927-005056bfb2b6/w:1280/p:16x9/000_348W9AH.jpg,No Published Date,No Tags
France 24,No Author,النزاع الإسرائيلي - الفلسطيني: مبادرات السلام في الشرق الأوسط منذ حرب 1967,No Content,No Description,https://www.france24.com/ar/%D8%A7%D9%84%D8%B4%D8%B1%D9%82-%D8%A7%D9%84%D8%A3%D9%88%D8%B3%D8%B7/20250214-%D8%A7%D9%84%D9%86%D8%B2%D8%A7%D8%B9-%D8%A7%D9%84%D8%A5%D8%B3%D8%B1%D8%A7%D8%A6%D9%8A%D9%84%D9%8A-%D8%A7%D9%84%D9%81%D9%84%D8%B3%D8%B7%D9%8A%D9%86%D9%8A-%D9%85%D8%A8%D8%A7%D8%AF%D8%B1%D8%A7%D8%AA-%D8%A7%D9%84%D8%B3%D9%84%D8%A7%D9%85-%D9%81%D9%8A-%D8%A7%D9%84%D8%B4%D8%B1%D9%82-%D8%A7%D9%84%D8%A3%D9%88%D8%B3%D8%B7-%D9%85%D9%86%D8%B0-%D8%AD%D8%B1%D8%A8-1967,https://s.france24.com/media/display/ef917ebe-e902-11ef-a5de-005056bfb2b6/w:720/p:16x9/AP25042741864295.jpg,No Published Date,الشرق الأوسط
France 24,No Author,إسرائيل تصر على منع دخول المنازل المتنقلة إلى غزة رغم النزوح والدمار,No Content,No Description,https://www.france24.com/ar/%D8%A7%D9%84%D8%B4%D8%B1%D9%82-%D8%A7%D9%84%D8%A3%D9%88%D8%B3%D8%B7/20250217-%D8%A5%D8%B3%D8%B1%D8%A7%D8%A6%D9%8A%D9%84-%D8%AA%D8%B5%D8%B1-%D8%B9%D9%84%D9%89-%D9%85%D9%86%D8%B9-%D8%AF%D8%AE%D9%88%D9%84-%D8%A7%D9%84%D9%85%D9%86%D8%A7%D8%B2%D9%84-%D8%A7%D9%84%D9%85%D8%AA%D9%86%D9%82%D9%84%D8%A9-%D8%A5%D9%84%D9%89-%D8%BA%D8%B2%D8%A9-%D8%B1%D8%BA%D9%85-%D8%A7%D9%84%D9%86%D8%B2%D9%88%D8%AD-%D9%88%D8%A7%D9%84%D8%AF%D9%85%D8%A7%D8%B1,https://s.france24.com/media/display/dfaf0d5c-e52b-11ef-824a-005056bf30b7/w:720/p:16x9/000_36XA8VT.jpg,No Published Date,الشرق الأوسط
France 24,No Author,"ترامب يؤكد على مشروع ""ترانسفير"" بحق الفلسطينيين: هل ينجح العرب في التصدي لخطة ترامب؟",No Content,No Description,https://www.france24.com/ar/%D8%A8%D8%B1%D8%A7%D9%85%D8%AC/%D8%B5%D8%AF%D9%89-%D8%A7%D9%84%D9%85%D8%B4%D8%B1%D9%82/20250213-%D8%AA%D8%B1%D8%A7%D9%85%D8%A8-%D9%8A%D8%A4%D9%83%D8%AF-%D8%B9%D9%84%D9%89-%D9%85%D8%B4%D8%B1%D9%88%D8%B9-%D8%AA%D8%B1%D8%A7%D9%86%D8%B3%D9%81%D9%8A%D8%B1-%D8%A8%D8%AD%D9%82-%D8%A7%D9%84%D9%81%D9%84%D8%B3%D8%B7%D9%8A%D9%86%D9%8A%D9%8A%D9%86-%D9%87%D9%84-%D9%8A%D9%86%D8%AC%D8%AD-%D8%A7%D9%84%D8%B9%D8%B1%D8%A8-%D9%81%D9%8A-%D8%A7%D9%84%D8%AA%D8%B5%D8%AF%D9%8A-%D9%84%D8%AE%D8%B7%D8%A9-%D8%AA%D8%B1%D8%A7%D9%85%D8%A8,https://s.france24.com/media/display/d9465c50-ea02-11ef-aead-005056a97e36/w:720/p:16x9/capture-100144028767ade01674ca24.02474867.jpg,No Published Date,الشرق الأوسط
France 24,No Author,في أوكرانيا... مدنيون متطوعون يطاردون الطائرات المسيرة,No Content,"على بعد 90 كيلومترا من مدينة كييف، في أطقم مكونة من أربعة أفراد، يراقبون  مسيرات  ""شاهد"" على شاحنات صغيرة مجهزة بمدافع رشاشة ثقيلة. جميعهم مدنيون متطوعون للدفاع عن العاصمة الأوكرانية من هجمات شبه يومية للطائرات بدون طيار. معرفتهم بالتضاريس، والتدريب العسكري المستمر يجعلهم مطاردين جيدين. وحدة بيرياسلاف وحدها أسقطت 31 طائرة بدون طيار في عام واحد.",https://www.france24.com/ar/%D8%A3%D9%88%D8%B1%D9%88%D8%A8%D8%A7/20250217-%D9%81%D9%8A-%D8%A3%D9%88%D9%83%D8%B1%D8%A7%D9%86%D9%8A%D8%A7-%D9%85%D8%AF%D9%86%D9%8A%D9%88%D9%86-%D9%85%D8%AA%D8%B7%D9%88%D8%B9%D9%88%D9%86-%D9%8A%D8%B7%D8%A7%D8%B1%D8%AF%D9%88%D9%86-%D8%A7%D9%84%D8%B7%D8%A7%D8%A6%D8%B1%D8%A7%D8%AA-%D8%A7%D9%84%D9%85%D8%B3%D9%8A%D8%B1%D8%A9,https://s.france24.com/media/display/a1a18f58-ea4e-11ef-840d-005056bfb2b6/w:1280/p:16x9/02-7.png,No Published Date,No Tags
France 24,No Author,في أوكرانيا... على الجبهة الجامدة بسبب حرب المسيرات,No Content,No Description,https://www.france24.com/ar/%D8%A3%D9%88%D8%B1%D9%88%D8%A8%D8%A7/20250214-%D9%81%D9%8A-%D8%A3%D9%88%D9%83%D8%B1%D8%A7%D9%86%D9%8A%D8%A7-%D8%B9%D9%84%D9%89-%D8%A7%D9%84%D8%AC%D8%A8%D9%87%D8%A9-%D8%A7%D9%84%D8%AC%D8%A7%D9%85%D8%AF%D8%A9-%D8%A8%D8%B3%D8%A8%D8%A8-%D8%AD%D8%B1%D8%A8-%D8%A7%D9%84%D9%85%D8%B3%D9%8A%D8%B1%D8%A7%D8%AA,https://s.france24.com/media/display/6a6ccccc-ea0e-11ef-8c00-005056a97e36/w:720/p:16x9/01-2-1.png,No Published Date,أوروبا
France 24,No Author,"زيلينسكي يشترط  الاتفاق على ""خطة مشتركة"" بين الحلفاء حتى يلتقي ببوتين وجها لوجه",No Content,No Description,https://www.france24.com/ar/%D8%A3%D9%88%D8%B1%D9%88%D8%A8%D8%A7/20250214-%D8%B2%D9%8A%D9%84%D9%8A%D9%86%D8%B3%D9%83%D9%8A-%D9%8A%D8%B4%D8%AA%D8%B1%D8%B7-%D8%A7%D9%84%D8%A7%D8%AA%D9%81%D8%A7%D9%82-%D8%B9%D9%84%D9%89-%D8%AE%D8%B7%D8%A9-%D9%85%D8%B4%D8%AA%D8%B1%D9%83%D8%A9-%D8%A8%D9%8A%D9%86-%D8%A7%D9%84%D8%AD%D9%84%D9%81%D8%A7%D8%A1-%D8%AD%D8%AA%D9%89-%D9%8A%D9%84%D8%AA%D9%82%D9%8A-%D8%A8%D8%A8%D9%88%D8%AA%D9%8A%D9%86-%D9%88%D8%AC%D9%87%D8%A7-%D9%84%D9%88%D8%AC%D9%87,https://s.france24.com/media/display/da7fd77e-e8bb-11ef-8d06-005056bfb2b6/w:720/p:16x9/AP25041621825991.jpg,No Published Date,أوروبا
France 24,No Author,"كيف سيكون شكل خارطة أوكرانيا ""الجديدة"" في حال وقف الحرب مع روسيا؟",No Content,No Description,https://www.france24.com/ar/%D8%A3%D9%88%D8%B1%D9%88%D8%A8%D8%A7/20250212-%D8%AE%D8%A7%D8%B1%D8%B7%D8%A9-%D8%A3%D9%88%D9%83%D8%B1%D8%A7%D9%86%D9%8A%D8%A7-%D8%A7%D9%84%D8%AD%D8%B1%D8%A8-%D8%A7%D9%84%D8%B3%D9%84%D8%A7%D9%85-%D9%85%D9%81%D8%A7%D9%88%D8%B6%D8%A7%D8%AA-%D8%B1%D9%88%D8%B3%D9%8A%D8%A7-%D8%A8%D9%88%D8%AA%D9%8A%D9%86-%D8%AA%D8%B1%D8%A7%D9%85%D8%A8-%D8%B2%D9%8A%D9%84%D9%8A%D9%86%D8%B3%D9%83%D9%8A-%D9%83%D9%88%D8%B1%D8%B3%D9%83,https://s.france24.com/media/display/2e8f3a88-e954-11ef-a68b-005056bf30b7/w:720/p:16x9/carte-ukraine-f24-AR-2.png,No Published Date,أوروبا
France 24,No Author,"بدء محاكمة مهدي نموش وأربعة من معاونيه بتهمة ""الإرهاب"" و""احتجاز"" صحفيين فرنسيين في سوريا",No Content,No Description,https://www.france24.com/ar/%D9%81%D8%B1%D9%86%D8%B3%D8%A7/20250217-%D8%A8%D8%AF%D8%A1-%D9%85%D8%AD%D8%A7%D9%83%D9%85%D8%A9-%D9%85%D9%87%D8%AF%D9%8A-%D9%86%D9%85%D9%88%D8%B4-%D9%88%D8%A3%D8%B1%D8%A8%D8%B9%D8%A9-%D9%85%D9%86-%D9%85%D8%B9%D8%A7%D9%88%D9%86%D9%8A%D9%87-%D8%A8%D8%AA%D9%87%D9%85%D8%A9-%D8%A7%D9%84%D8%A5%D8%B1%D9%87%D8%A7%D8%A8-%D9%88-%D8%A7%D8%AD%D8%AA%D8%AC%D8%A7%D8%B2-%D8%B5%D8%AD%D9%81%D9%8A%D9%8A%D9%86-%D9%81%D8%B1%D9%86%D8%B3%D9%8A%D9%8A%D9%86-%D9%81%D9%8A-%D8%B3%D9%88%D8%B1%D9%8A%D8%A7,https://s.france24.com/media/display/b4d751c8-ed1b-11ef-b778-005056a90284/w:720/p:16x9/44b1985d6b8f63f10c62239abf2990d0f787483c-1.jpg,No Published Date,فرنسا
France 24,No Author,"إسرائيل: الجيش يعلن البقاء في خمس ""نقاط استراتيجية"" في لبنان بعد انقضاء مهلة انسحابه",No Content,No Description,https://www.france24.com/ar/%D8%A7%D9%84%D8%B4%D8%B1%D9%82-%D8%A7%D9%84%D8%A3%D9%88%D8%B3%D8%B7/20250217-%D8%A5%D8%B3%D8%B1%D8%A7%D8%A6%D9%8A%D9%84-%D8%A7%D9%84%D8%AC%D9%8A%D8%B4-%D9%8A%D8%B9%D9%84%D9%86-%D8%A7%D9%84%D8%A8%D9%82%D8%A7%D8%A1-%D9%81%D9%8A-%D8%AE%D9%85%D8%B3-%D9%86%D9%82%D8%A7%D8%B7-%D8%A7%D8%B3%D8%AA%D8%B1%D8%A7%D8%AA%D9%8A%D8%AC%D9%8A%D8%A9-%D9%81%D9%8A-%D9%84%D8%A8%D9%86%D8%A7%D9%86-%D8%A8%D8%B9%D8%AF-%D8%A7%D9%86%D9%82%D8%B6%D8%A7%D8%A1-%D9%85%D9%87%D9%84%D8%A9-%D8%A7%D9%86%D8%B3%D8%AD%D8%A7%D8%A8%D9%87,https://s.france24.com/media/display/ebaca6f4-ed3d-11ef-85f1-005056a97e36/w:720/p:16x9/000_36XZ7E8.jpg,No Published Date,الشرق الأوسط
France 24,No Author,الحكومة الإسرائيلية المصغرة تناقش المرحلة الثانية من اتفاق الهدنة في غزة وروبيو في السعودية,No Content,No Description,https://www.france24.com/ar/%D8%A7%D9%84%D8%B4%D8%B1%D9%82-%D8%A7%D9%84%D8%A3%D9%88%D8%B3%D8%B7/20250217-%D8%A7%D9%84%D8%AD%D9%83%D9%88%D9%85%D8%A9-%D8%A7%D9%84%D8%A5%D8%B3%D8%B1%D8%A7%D8%A6%D9%8A%D9%84%D9%8A%D8%A9-%D8%A7%D9%84%D9%85%D8%B5%D8%BA%D8%B1%D8%A9-%D8%AA%D9%86%D8%A7%D9%82%D8%B4-%D8%A7%D9%84%D9%85%D8%B1%D8%AD%D9%84%D8%A9-%D8%A7%D9%84%D8%AB%D8%A7%D9%86%D9%8A%D8%A9-%D9%85%D9%86-%D8%A7%D8%AA%D9%81%D8%A7%D9%82-%D8%A7%D9%84%D9%87%D8%AF%D9%86%D8%A9-%D9%81%D9%8A-%D8%BA%D8%B2%D8%A9-%D9%88%D8%B1%D9%88%D8%A8%D9%8A%D9%88-%D9%81%D9%8A-%D8%A7%D9%84%D8%B3%D8%B9%D9%88%D8%AF%D9%8A%D8%A9,https://s.france24.com/media/display/dfbfa514-a75a-11ee-8927-005056bfb2b6/w:720/p:16x9/000_348W9AH.jpg,No Published Date,الشرق الأوسط
France 24,No Author,الجزائري نبيل بن طالب يهدي الفوز لفريقه ليل بعد غياب طويل بسبب أزمة قلبية,No Content,No Description,https://www.france24.com/ar/%D8%B1%D9%8A%D8%A7%D8%B6%D8%A9/20250217-%D8%A7%D9%84%D8%AC%D8%B2%D8%A7%D8%A6%D8%B1%D9%8A-%D9%86%D8%A8%D9%8A%D9%84-%D8%A8%D9%86-%D8%B7%D8%A7%D9%84%D8%A8-%D9%8A%D9%87%D8%AF%D9%8A-%D8%A7%D9%84%D9%81%D9%88%D8%B2-%D9%84%D9%81%D8%B1%D9%8A%D9%82%D9%87-%D9%84%D9%8A%D9%84-%D8%A8%D8%B9%D8%AF-%D8%BA%D9%8A%D8%A7%D8%A8-%D8%B7%D9%88%D9%8A%D9%84-%D8%A8%D8%B3%D8%A8-%D8%A3%D8%B2%D9%85%D8%A9-%D9%82%D9%84%D8%A8%D9%8A%D8%A9,https://s.france24.com/media/display/4ece6842-ecfa-11ef-af61-005056bf30b7/w:720/p:16x9/000_36XX7BX.jpg,No Published Date,رياضة
France 24,No Author,ألمانيا: آلاف المتظاهرين ضد حزب البديل اليميني المتطرف قبل أيام من انتخابات مصيرية,No Content,No Description,https://www.france24.com/ar/%D8%A3%D9%88%D8%B1%D9%88%D8%A8%D8%A7/20250217-%D8%A3%D9%84%D9%85%D8%A7%D9%86%D9%8A%D8%A7-%D8%A2%D9%84%D8%A7%D9%81-%D8%A7%D9%84%D9%85%D8%AA%D8%B8%D8%A7%D9%87%D8%B1%D9%8A%D9%86-%D8%B6%D8%AF-%D8%AD%D8%B2%D8%A8-%D8%A7%D9%84%D8%A8%D8%AF%D9%8A%D9%84-%D8%A7%D9%84%D9%8A%D9%85%D9%8A%D9%86%D9%8A-%D8%A7%D9%84%D9%85%D8%AA%D8%B7%D8%B1%D9%81-%D9%82%D8%A8%D9%84-%D8%A3%D9%8A%D8%A7%D9%85-%D9%85%D9%86-%D8%A7%D9%86%D8%AA%D8%AE%D8%A7%D8%A8%D8%A7%D8%AA-%D9%85%D8%B5%D9%8A%D8%B1%D9%8A%D8%A9,https://s.france24.com/media/display/e7c5b3ea-dd03-11ef-91f2-005056bfb2b6/w:720/p:16x9/AFP__20250125__36W23KQ__v2__Preview__GermanyPoliticsVotePartiesAfd.jpg,No Published Date,أوروبا
France 24,No Author,الولايات المتحدة تعلن تصفية قيادي رفيع في تنظيم تابع للقاعدة في سوريا,No Content,No Description,https://www.france24.com/ar/%D8%A7%D9%84%D8%B4%D8%B1%D9%82-%D8%A7%D9%84%D8%A3%D9%88%D8%B3%D8%B7/20250217-%D8%A7%D9%84%D9%88%D9%84%D8%A7%D9%8A%D8%A7%D8%AA-%D8%A7%D9%84%D9%85%D8%AA%D8%AD%D8%AF%D8%A9-%D8%AA%D8%B9%D9%84%D9%86-%D8%AA%D8%B5%D9%81%D9%8A%D8%A9-%D9%82%D9%8A%D8%A7%D8%AF%D9%8A-%D8%B1%D9%81%D9%8A%D8%B9-%D9%81%D9%8A-%D8%AA%D9%86%D8%B8%D9%8A%D9%85-%D8%AA%D8%A7%D8%A8%D8%B9-%D9%84%D9%84%D9%82%D8%A7%D8%B9%D8%AF%D8%A9-%D9%81%D9%8A-%D8%B3%D9%88%D8%B1%D9%8A%D8%A7,https://s.france24.com/media/display/00676cf2-f8f0-11ee-a1ba-005056bfb2b6/w:720/p:16x9/000_34LG3LU.jpg,No Published Date,الشرق الأوسط
France 24,No Author,"""المجمع المقدس"" و""الوحشي"" يتصدران حفل بافتا بأربع جوائز لكل منهما",No Content,No Description,https://www.france24.com/ar/%D8%AB%D9%82%D8%A7%D9%81%D8%A9/20250217-%D8%A7%D9%84%D9%85%D8%AC%D9%85%D8%B9-%D8%A7%D9%84%D9%85%D9%82%D8%AF%D8%B3-%D9%88-%D8%A7%D9%84%D9%88%D8%AD%D8%B4%D9%8A-%D9%8A%D8%AA%D8%B5%D8%AF%D8%B1%D8%A7%D9%86-%D8%AD%D9%81%D9%84-%D8%A8%D8%A7%D9%81%D8%AA%D8%A7-%D8%A8%D8%A3%D8%B1%D8%A8%D8%B9-%D8%AC%D9%88%D8%A7%D8%A6%D8%B2-%D9%84%D9%83%D9%84-%D9%85%D9%86%D9%87%D9%85%D8%A7,https://s.france24.com/media/display/90d4dab6-ecb7-11ef-98d1-005056a97e36/w:720/p:16x9/000_36Y23GX.jpg,No Published Date,ثقافة
France 24,No Author,"""الأمن الأوروبي"" والحرب في أوكرانيا أهم ملفات اجتماع باريس",No Content,No Description,https://www.france24.com/ar/%D8%A3%D9%88%D8%B1%D9%88%D8%A8%D8%A7/20250217-%D8%A7%D9%84%D8%A3%D9%85%D9%86-%D8%A7%D9%84%D8%A3%D9%88%D8%B1%D9%88%D8%A8%D9%8A-%D9%88%D8%A3%D9%88%D9%83%D8%B1%D8%A7%D9%86%D9%8A%D8%A7-%D9%81%D9%8A-%D8%B5%D9%84%D8%A8-%D9%85%D9%84%D9%81%D8%A7%D8%AA-%D9%82%D9%85%D8%A9-%D8%A8%D8%A7%D8%B1%D9%8A%D8%B3-%D8%A7%D9%84%D8%A3%D9%88%D8%B1%D9%88%D8%A8%D9%8A%D8%A9,https://s.france24.com/media/display/d1fc4036-ebe2-11ef-a181-005056bfb2b6/w:720/p:16x9/000_36XP9HY.jpg,No Published Date,أوروبا
France 24,No Author,حوار حصري مع فرانس24: وزير الخارجية السوداني يؤكد غياب قوات الدعم السريع عن الحوار الوطني المرتقب,No Content,No Description,https://www.france24.com/ar/%D8%A3%D9%81%D8%B1%D9%8A%D9%82%D9%8A%D8%A7/20250216-%D8%AD%D9%88%D8%A7%D8%B1-%D8%AD%D8%B5%D8%B1%D9%8A-%D9%85%D8%B9-%D9%81%D8%B1%D8%A7%D9%86%D8%B324-%D9%88%D8%B2%D9%8A%D8%B1-%D8%A7%D9%84%D8%AE%D8%A7%D8%B1%D8%AC%D9%8A%D8%A9-%D8%A7%D9%84%D8%B3%D9%88%D8%AF%D8%A7%D9%86%D9%8A-%D9%8A%D8%A4%D9%83%D8%AF-%D8%BA%D9%8A%D8%A7%D8%A8-%D8%A7%D9%84%D8%AF%D8%B9%D9%85-%D8%A7%D9%84%D8%B3%D8%B1%D9%8A%D8%B9-%D8%B9%D9%86-%D8%A7%D9%84%D8%AD%D9%88%D8%A7%D8%B1-%D8%A7%D9%84%D9%88%D8%B7%D9%86%D9%8A-%D8%A7%D9%84%D9%85%D8%B1%D8%AA%D9%82%D8%A8,https://s.france24.com/media/display/ac519346-ebff-11ef-81fb-005056a97e36/w:720/p:16x9/AR_20250215_234123_235320_CS.jpg,No Published Date,"حوار


                                    أفريقيا"
France 24,No Author,كوماك... شركة صينية تسعى لكسر احتكار بوينغ وإيرباص عالم الطيران,No Content,No Description,https://www.france24.com/ar/%D8%A2%D8%B3%D9%8A%D8%A7/20250213-%D9%83%D9%88%D9%85%D8%A7%D9%83-%D8%B4%D8%B1%D9%83%D8%A9-%D8%A7%D9%84%D8%B5%D9%8A%D9%86-%D8%B3%D9%8A-919-%D8%A7%D8%AD%D8%AA%D9%83%D8%A7%D8%B1-%D8%A8%D9%88%D9%8A%D9%86%D8%BA-%D8%A5%D9%8A%D8%B1%D8%A8%D8%A7%D8%B5-%D8%B7%D8%A7%D8%A6%D8%B1%D8%A9,https://s.france24.com/media/display/27674af6-e955-11ef-99ce-005056a97e36/w:720/p:16x9/000_34JR8J4.jpg,No Published Date,"تحليل


                                    آسيا"
France 24,No Author,"فرنسا: عنف جنسي في مدرسة بيتارام الكاثوليكية... هل كان فرانسوا بايرو ""يجهل ما يحدث""؟",No Content,No Description,https://www.france24.com/ar/%D9%81%D8%B1%D9%86%D8%B3%D8%A7/20250214-%D9%81%D8%B1%D9%86%D8%B3%D8%A7-%D8%B9%D9%86%D9%81-%D8%AC%D9%86%D8%B3%D9%8A-%D9%85%D8%AF%D8%B1%D8%B3%D8%A9-%D8%A8%D9%8A%D8%AA%D8%A7%D8%B1%D8%A7%D9%85-%D9%83%D8%A7%D8%AB%D9%88%D9%84%D9%8A%D9%83%D9%8A%D8%A9-%D9%81%D8%B1%D8%A7%D9%86%D8%B3%D9%88%D8%A7-%D8%A8%D8%A7%D9%8A%D8%B1%D9%88-%D8%A7%D9%86%D8%AA%D9%87%D8%A7%D9%83%D8%A7%D8%AA-%D8%AA%D8%B3%D8%AA%D8%B1,https://s.france24.com/media/display/ad4ac546-ea20-11ef-a1f7-005056bfb2b6/w:720/p:16x9/000_36XM7GP.jpg,No Published Date,فرنسا
France 24,No Author,هل ألقت الأزمة الدبلوماسية بين الجزائر وفرنسا بظلالها على الصادرات الفرنسية؟,No Content,No Description,https://www.france24.com/ar/%D8%A7%D9%84%D8%A3%D8%AE%D8%A8%D8%A7%D8%B1-%D8%A7%D9%84%D9%85%D8%BA%D8%A7%D8%B1%D8%A8%D9%8A%D8%A9/20250214-%D8%A7%D9%84%D8%A3%D8%B2%D9%85%D8%A9-%D8%A7%D9%84%D8%AF%D8%A8%D9%84%D9%88%D9%85%D8%A7%D8%B3%D9%8A%D8%A9-%D8%A7%D9%84%D8%AC%D8%B2%D8%A7%D8%A6%D8%B1-%D9%81%D8%B1%D9%86%D8%B3%D8%A7-%D8%B2%D8%B1%D8%A7%D8%B9%D8%A9-%D8%B5%D8%A7%D8%AF%D8%B1%D8%A7%D8%AA,https://s.france24.com/media/display/653199b6-9242-11ed-88c1-005056a90321/w:720/p:16x9/Macron-Tebboun.jpg,No Published Date,الأخبار المغاربية
France 24,No Author,"قمة لقادة عرب في الرياض لبحث الرد على ""خطة ترامب"" حول غزة",No Content,No Description,https://www.france24.com/ar/%D8%A3%D9%85%D8%B1%D9%8A%D9%83%D8%A7/20250214-%D9%82%D9%85%D8%A9-%D9%84%D9%82%D8%A7%D8%AF%D8%A9-%D8%B9%D8%B1%D8%A8-%D9%81%D9%8A-%D8%A7%D9%84%D8%B1%D9%8A%D8%A7%D8%B6-%D9%84%D8%A8%D8%AD%D8%AB-%D8%A7%D9%84%D8%B1%D8%AF-%D8%B9%D9%84%D9%89-%D8%AE%D8%B7%D8%A9-%D8%AA%D8%B1%D8%A7%D9%85%D8%A8-%D8%AD%D9%88%D9%84-%D8%BA%D8%B2%D8%A9,No Image URL,No Published Date,أمريكا
France 24,No Author,النمسا: هجوم بسكين يسفر عن قتيل وخمسة جرحى وسط مدينة فيلاخ جنوب البلاد,No Content,No Description,https://www.france24.com/ar/%D8%A3%D9%88%D8%B1%D9%88%D8%A8%D8%A7/20250215-%D8%A7%D9%84%D9%86%D9%85%D8%B3%D8%A7-%D9%87%D8%AC%D9%88%D9%85-%D8%A8%D8%B3%D9%83%D9%8A%D9%86-%D9%8A%D8%B3%D9%81%D8%B1-%D8%B9%D9%86-%D9%82%D8%AA%D9%8A%D9%84-%D9%88%D8%A3%D8%B1%D8%A8%D8%B9%D8%A9-%D8%AC%D8%B1%D8%AD%D9%89-%D8%AC%D9%86%D9%88%D8%A8-%D8%A7%D9%84%D8%A8%D9%84%D8%A7%D8%AF,No Image URL,No Published Date,أوروبا
France 24,No Author,"فرنسا: عنف جنسي في مدرسة بيتارام الكاثوليكية... هل كان فرانسوا بايرو ""يجهل ما يحدث""؟",No Content,No Description,https://www.france24.com/ar/%D9%81%D8%B1%D9%86%D8%B3%D8%A7/20250214-%D9%81%D8%B1%D9%86%D8%B3%D8%A7-%D8%B9%D9%86%D9%81-%D8%AC%D9%86%D8%B3%D9%8A-%D9%85%D8%AF%D8%B1%D8%B3%D8%A9-%D8%A8%D9%8A%D8%AA%D8%A7%D8%B1%D8%A7%D9%85-%D9%83%D8%A7%D8%AB%D9%88%D9%84%D9%8A%D9%83%D9%8A%D8%A9-%D9%81%D8%B1%D8%A7%D9%86%D8%B3%D9%88%D8%A7-%D8%A8%D8%A7%D9%8A%D8%B1%D9%88-%D8%A7%D9%86%D8%AA%D9%87%D8%A7%D9%83%D8%A7%D8%AA-%D8%AA%D8%B3%D8%AA%D8%B1,No Image URL,No Published Date,فرنسا
France 24,No Author,البيت الأبيض يحظر أسوشيتد برس نهائيا من دخول المكتب الرئاسي وطائرة الرئيس ترامب,No Content,No Description,https://www.france24.com/ar/%D8%A3%D9%85%D8%B1%D9%8A%D9%83%D8%A7/20250215-%D8%A7%D9%84%D8%A8%D9%8A%D8%AA-%D8%A7%D9%84%D8%A3%D8%A8%D9%8A%D8%B6-%D8%AD%D8%B8%D8%B1-%D8%A3%D8%B3%D9%88%D8%B4%D9%8A%D8%AA%D8%AF-%D8%A8%D8%B1%D8%B3-%D9%86%D9%87%D8%A7%D8%A6%D9%8A%D8%A7-%D8%A7%D9%84%D9%88%D9%84%D8%A7%D9%8A%D8%A7%D8%AA-%D8%A7%D9%84%D9%85%D8%AA%D8%AD%D8%AF%D8%A9-%D8%AF%D8%AE%D9%88%D9%84-%D8%A7%D9%84%D9%85%D9%83%D8%AA%D8%A8-%D8%A7%D9%84%D8%B1%D8%A6%D8%A7%D8%B3%D9%8A-%D8%B7%D8%A7%D8%A6%D8%B1%D8%A9-%D8%A7%D9%84%D8%B1%D8%A6%D9%8A%D8%B3-%D8%AA%D8%B1%D8%A7%D9%85%D8%A8,No Image URL,No Published Date,أمريكا
France 24,No Author,"الجيش الإسرائيلي يعلن إعداد ""خطط للهجوم"" وحماس تدعو واشنطن ""لإلزام إسرائيل"" باتفاق الهدنة في غزة",No Content,No Description,https://www.france24.com/ar/%D8%A7%D9%84%D8%B4%D8%B1%D9%82-%D8%A7%D9%84%D8%A3%D9%88%D8%B3%D8%B7/20250215-%F0%9F%94%B4-%D9%85%D8%A8%D8%A7%D8%B4%D8%B1-%D8%AD%D9%85%D8%A7%D8%B3-%D9%88%D8%A7%D9%84%D8%AC%D9%87%D8%A7%D8%AF-%D8%A7%D9%84%D8%A5%D8%B3%D9%84%D8%A7%D9%85%D9%8A-%D9%8A%D8%B3%D9%84%D9%85%D8%A7%D9%86-%D8%AB%D9%84%D8%A7%D8%AB-%D8%B1%D9%87%D8%A7%D8%A6%D9%86-%D8%A5%D8%B3%D8%B1%D8%A7%D8%A6%D9%8A%D9%84%D9%8A%D9%8A%D9%86-%D8%A5%D9%84%D9%89-%D8%A7%D9%84%D8%B5%D9%84%D9%8A%D8%A8-%D8%A7%D9%84%D8%A3%D8%AD%D9%85%D8%B1,No Image URL,No Published Date,الشرق الأوسط
France 24,No Author,"ديدييه ديشان: زيدان ""مرشح طبيعي وجيد للغاية"" لتدريب المنتخب الفرنسي",No Content,No Description,https://www.france24.com/ar/%D8%B1%D9%8A%D8%A7%D8%B6%D8%A9/20250214-%D8%AF%D9%8A%D8%AF%D9%8A%D9%8A%D9%87-%D8%AF%D9%8A%D8%B4%D8%A7%D9%86-%D8%B2%D9%8A%D8%AF%D8%A7%D9%86-%D9%85%D8%B1%D8%B4%D8%AD-%D8%B7%D8%A8%D9%8A%D8%B9%D9%8A-%D9%88%D8%AC%D9%8A%D8%AF-%D9%84%D9%84%D8%BA%D8%A7%D9%8A%D8%A9-%D9%84%D8%AA%D8%AF%D8%B1%D9%8A%D8%A8-%D8%A7%D9%84%D9%85%D9%86%D8%AA%D8%AE%D8%A8-%D8%A7%D9%84%D9%81%D8%B1%D9%86%D8%B3%D9%8A,No Image URL,No Published Date,رياضة
France 24,No Author,"روبيو ونتانياهو يهددان بـ""فتح أبواب الجحيم"" على حماس و""إنهاء المهمة"" في إيران",No Content,No Description,https://www.france24.com/ar/%D8%A7%D9%84%D8%B4%D8%B1%D9%82-%D8%A7%D9%84%D8%A3%D9%88%D8%B3%D8%B7/20250216-%D8%B1%D9%88%D8%A8%D9%8A%D9%88-%D9%88%D9%86%D8%AA%D8%A7%D9%86%D9%8A%D8%A7%D9%87%D9%88-%D9%8A%D9%87%D8%AF%D8%AF%D8%A7%D9%86-%D8%A8%D9%80-%D9%81%D8%AA%D8%AD-%D8%A3%D8%A8%D9%88%D8%A7%D8%A8-%D8%A7%D9%84%D8%AC%D8%AD%D9%8A%D9%85-%D8%B9%D9%84%D9%89-%D8%AD%D9%85%D8%A7%D8%B3-%D9%88-%D8%A5%D9%86%D9%87%D8%A7%D8%A1-%D8%A7%D9%84%D9%85%D9%87%D9%85%D8%A9-%D9%81%D9%8A-%D8%A5%D9%8A%D8%B1%D8%A7%D9%86,No Image URL,No Published Date,الشرق الأوسط
France 24,No Author,في أوكرانيا... على الجبهة الجامدة بسبب حرب المسيرات,No Content,No Description,https://www.france24.com/ar/%D8%A3%D9%88%D8%B1%D9%88%D8%A8%D8%A7/20250214-%D9%81%D9%8A-%D8%A3%D9%88%D9%83%D8%B1%D8%A7%D9%86%D9%8A%D8%A7-%D8%B9%D9%84%D9%89-%D8%A7%D9%84%D8%AC%D8%A8%D9%87%D8%A9-%D8%A7%D9%84%D8%AC%D8%A7%D9%85%D8%AF%D8%A9-%D8%A8%D8%B3%D8%A8%D8%A8-%D8%AD%D8%B1%D8%A8-%D8%A7%D9%84%D9%85%D8%B3%D9%8A%D8%B1%D8%A7%D8%AA,No Image URL,No Published Date,"ريبورتاج


                                    أوروبا"
France 24,No Author,سوريا: ما حقيقة فيديوهات الانتهاكات المنسوبة لهيئة تحرير الشام؟,No Content,No Description,https://www.france24.com//observers.france24.com/ar/برامج/مراقبون/20250213-سوريا-ما-حقيقة-فيديوهات-الانتهاكات-المنسوبة-لهيئة-تحرير-الشام,https://s.observers.france24.com/media/display/c2052754-e9f5-11ef-933a-005056a97e36/w:1280/p:16x9/capture%20d%27ecran%202025-02-10%20113800%20%282%29.jpg,No Published Date,No Tags
France 24,No Author,كولومبيا: الآلاف يفرون من عنف الجماعات المسلحة,No Content,No Description,https://www.france24.com//observers.france24.com/ar/برامج/مراقبون/20250206-كولومبيا-الآلاف-يفرون-من-عنف-الجماعات-المسلحة,https://s.observers.france24.com/media/display/6b64a6b2-e474-11ef-b549-005056bf30b7/w:388/p:16x9/capture%20d%27ecran%202025-02-06%20104232.jpg,No Published Date,أمريكا
France 24,No Author,الصين: مشروع إنزال عسكري في تايوان؟,No Content,No Description,https://www.france24.com//observers.france24.com/ar/برامج/مراقبون/20250206-الصين-مشروع-إنزال-عسكري-في-تايوان,https://s.observers.france24.com/media/display/ab1430ae-e477-11ef-8d7b-005056a97e36/w:388/p:16x9/capture%20d%27ecran%202025-02-06%20114403.jpg,No Published Date,آسيا
France 24,No Author,أفغانستان: ناشط مدني يقدم الدروس للأطفال في الشوارع والقرى النائية,No Content,No Description,https://www.france24.com//observers.france24.com/ar/asie-pacifique/20250206-أفغانستان-ناشط-مدني-يقدم-الدروس-للأطفال-في-الشوارع-والقرى-النائية,No Image URL,No Published Date,آسيا
France 24,No Author,"هل هددت هيئة تحرير الشام بحرق كاتدرائية نوتردام في باريس؟ فيديو مفبرك ""بتركيب سخيف وغير منطقي""",No Content,No Description,https://www.france24.com//observers.france24.com/ar/الشرق-الأوسط/20250131-notre-dame-menace-htc-syrie-faux-fake-news,No Image URL,No Published Date,الشرق الأوسط
France 24,No Author,"هند قبوات: ""النساء السوريات هنَّ من حافظن على تماسك المجتمع السوري""",No Content,No Description,https://www.france24.com/ar/%D8%A8%D8%B1%D8%A7%D9%85%D8%AC/%D8%B6%D9%8A%D9%81-%D9%88%D9%85%D8%B3%D9%8A%D8%B1%D8%A9/20250215-%D8%B6%D9%8A%D9%81-%D9%88%D9%85%D8%B3%D9%8A02025-02-14-11-32-ar-wb-ptw-2-daif-wa-massira-hind-kabawat2-14-11-32-ar-wb-ptw-2-daif-wa-massira-hind-kabawat,No Image URL,No Published Date,مجتمع
France 24,No Author,البرازيل: تطبيقات نظام تحديد المواقع العالمي تتسبب بمقتل سُياح بريو دي جانيرو,No Content,No Description,https://www.france24.com/ar/%D9%85%D8%AC%D8%AA%D9%85%D8%B9/20250215-%D8%A7%D9%84%D8%A8%D8%B1%D8%A7%D8%B2%D9%8A%D9%84-%D8%AA%D8%B7%D8%A8%D9%8A%D9%82%D8%A7%D8%AA-%D9%86%D8%B8%D8%A7%D9%85-%D8%AA%D8%AD%D8%AF%D9%8A%D8%AF-%D8%A7%D9%84%D9%85%D9%88%D8%A7%D9%82%D8%B9-%D8%A7%D9%84%D8%B9%D8%A7%D9%84%D9%85%D9%8A-%D8%AA%D8%AA%D8%B3%D8%A8%D8%A8-%D8%A8%D9%85%D9%82%D8%AA%D9%84-%D8%B3%D9%8F%D9%8A%D8%A7%D8%AD-%D8%A8%D8%B1%D9%8A%D9%88-%D8%AF%D9%8A-%D8%AC%D8%A7%D9%86%D9%8A%D8%B1%D9%88,No Image URL,No Published Date,مجتمع
France 24,No Author,هل النساء تحب بطريقة مختلفة عن الرجال؟,No Content,No Description,https://www.france24.com/ar/%D8%A8%D8%B1%D8%A7%D9%85%D8%AC/%D9%87%D9%8A-%D8%A7%D9%84%D8%AD%D8%AF%D8%AB/20250214-%D9%87%D9%84-%D8%A7%D9%84%D9%86%D8%B3%D8%A7%D8%A1-%D8%AA%D8%AD%D8%A8-%D8%A8%D8%B7%D8%B1%D9%8A%D9%82%D8%A9-%D9%85%D8%AE%D8%AA%D9%84%D9%81%D8%A9-%D8%B9%D9%86-%D8%A7%D9%84%D8%B1%D8%AC%D8%A7%D9%84,No Image URL,No Published Date,مجتمع
France 24,No Author,المغرب.. شبان يحاولون الهجرة عبر الشاحنات!,No Content,No Description,https://www.france24.com/ar/%D8%A8%D8%B1%D8%A7%D9%85%D8%AC/%D8%A8%D8%A7%D8%A8-%D8%A7%D9%84%D9%88%D9%8A%D8%A8/20250214-%D8%A7%D9%84%D9%85%D8%BA%D8%B1%D8%A8-%D8%B4%D8%A8%D8%A7%D9%86-%D9%8A%D8%AD%D8%A7%D9%88%D9%84%D9%88%D9%86-%D8%A7%D9%84%D9%87%D8%AC%D8%B1%D8%A9-%D8%B9%D8%A8%D8%B1-%D8%A7%D9%84%D8%B4%D8%A7%D8%AD%D9%86%D8%A7%D8%AA,No Image URL,No Published Date,مجتمع
France 24,No Author,الجزائري نبيل بن طالب يهدي الفوز لفريقه ليل بعد غياب طويل بسبب أزمة قلبية,No Content,No Description,https://www.france24.com/ar/%D8%B1%D9%8A%D8%A7%D8%B6%D8%A9/20250217-%D8%A7%D9%84%D8%AC%D8%B2%D8%A7%D8%A6%D8%B1%D9%8A-%D9%86%D8%A8%D9%8A%D9%84-%D8%A8%D9%86-%D8%B7%D8%A7%D9%84%D8%A8-%D9%8A%D9%87%D8%AF%D9%8A-%D8%A7%D9%84%D9%81%D9%88%D8%B2-%D9%84%D9%81%D8%B1%D9%8A%D9%82%D9%87-%D9%84%D9%8A%D9%84-%D8%A8%D8%B9%D8%AF-%D8%BA%D9%8A%D8%A7%D8%A8-%D8%B7%D9%88%D9%8A%D9%84-%D8%A8%D8%B3%D8%A8-%D8%A3%D8%B2%D9%85%D8%A9-%D9%82%D9%84%D8%A8%D9%8A%D8%A9,No Image URL,No Published Date,رياضة
France 24,No Author,الدوري الفرنسي: ليون يقسو على مونبلييه برباعية والمغربي الملالي يمنح أنجيه فوزا ثمينا,No Content,No Description,https://www.france24.com/ar/%D8%B1%D9%8A%D8%A7%D8%B6%D8%A9/20250216-%D8%A7%D9%84%D8%AF%D9%88%D8%B1%D9%8A-%D8%A7%D9%84%D9%81%D8%B1%D9%86%D8%B3%D9%8A-%D9%84%D9%8A%D9%88%D9%86-%D9%8A%D9%82%D8%B3%D9%88-%D8%B9%D9%84%D9%89-%D9%85%D9%88%D9%86%D8%A8%D9%84%D9%8A%D9%8A%D9%87-%D8%A8%D8%B1%D8%A8%D8%A7%D8%B9%D9%8A%D8%A9-%D9%88%D8%A7%D9%84%D9%85%D8%BA%D8%B1%D8%A8%D9%8A-%D8%A7%D9%84%D9%85%D9%84%D8%A7%D9%84%D9%8A-%D9%8A%D9%85%D9%86%D8%AD-%D8%A3%D9%86%D8%AC%D9%8A%D9%87-%D9%81%D9%88%D8%B2%D8%A7-%D8%AB%D9%85%D9%8A%D9%86%D8%A7,No Image URL,No Published Date,رياضة
France 24,No Author,"ديدييه ديشان: زيدان ""مرشح طبيعي وجيد للغاية"" لتدريب المنتخب الفرنسي",No Content,No Description,https://www.france24.com/ar/%D8%B1%D9%8A%D8%A7%D8%B6%D8%A9/20250214-%D8%AF%D9%8A%D8%AF%D9%8A%D9%8A%D9%87-%D8%AF%D9%8A%D8%B4%D8%A7%D9%86-%D8%B2%D9%8A%D8%AF%D8%A7%D9%86-%D9%85%D8%B1%D8%B4%D8%AD-%D8%B7%D8%A8%D9%8A%D8%B9%D9%8A-%D9%88%D8%AC%D9%8A%D8%AF-%D9%84%D9%84%D8%BA%D8%A7%D9%8A%D8%A9-%D9%84%D8%AA%D8%AF%D8%B1%D9%8A%D8%A8-%D8%A7%D9%84%D9%85%D9%86%D8%AA%D8%AE%D8%A8-%D8%A7%D9%84%D9%81%D8%B1%D9%86%D8%B3%D9%8A,No Image URL,No Published Date,رياضة
France 24,No Author,رونالدو الأعلى دخلا للعام الثاني على التوالي في قائمة خالية من أي رياضية,No Content,No Description,https://www.france24.com/ar/%D8%B1%D9%8A%D8%A7%D8%B6%D8%A9/20250213-%D8%B1%D9%88%D9%86%D8%A7%D9%84%D8%AF%D9%88-%D8%A7%D9%84%D8%A3%D8%B9%D9%84%D9%89-%D8%AF%D8%AE%D9%84%D8%A7-%D9%84%D9%84%D8%B9%D8%A7%D9%85-%D8%A7%D9%84%D8%AB%D8%A7%D9%86%D9%8A-%D8%B9%D9%84%D9%89-%D8%A7%D9%84%D8%AA%D9%88%D8%A7%D9%84%D9%8A-%D9%81%D9%8A-%D9%82%D8%A7%D8%A6%D9%85%D8%A9-%D8%AE%D8%A7%D9%84%D9%8A%D8%A9-%D9%85%D9%86-%D8%A3%D9%8A-%D8%B1%D9%8A%D8%A7%D8%B6%D9%8A%D8%A9,No Image URL,No Published Date,رياضة
France 24,No Author,"ماسك يستعد لإطلاق برنامج ""غروك 3"" ويصفه بأذكى برنامج ذكاء اصطناعي في العالم",No Content,No Description,https://www.france24.com/ar/%D8%A8%D8%B1%D8%A7%D9%85%D8%AC/%D8%A7%D9%84%D8%A7%D9%82%D8%AA%D8%B5%D8%A7%D8%AF-%D8%A7%D9%84%D9%8A%D9%88%D9%85/20250217-%D9%85%D8%A7%D8%B3%D9%83-%D9%8A%D8%B3%D8%AA%D8%B9%D8%AF-%D9%84%D8%A5%D8%B7%D9%84%D8%A7%D9%82-%D8%A8%D8%B1%D9%86%D8%A7%D9%85%D8%AC-%D8%BA%D8%B1%D9%88%D9%83-3-%D9%88%D9%8A%D8%B5%D9%81%D9%87-%D8%A8%D8%A3%D8%B0%D9%83%D9%89-%D8%A8%D8%B1%D9%86%D8%A7%D9%85%D8%AC-%D8%B0%D9%83%D8%A7%D8%A1-%D8%A7%D8%B5%D8%B7%D9%86%D8%A7%D8%B9%D9%8A-%D9%81%D9%8A-%D8%A7%D9%84%D8%B9%D8%A7%D9%84%D9%85-1,No Image URL,No Published Date,اقتصاد
France 24,No Author,"ماسك يستعد لإطلاق برنامج ""غروك 3"" ويصفه بأذكى برنامج ذكاء اصطناعي في العالم",No Content,No Description,https://www.france24.com/ar/%D8%A8%D8%B1%D8%A7%D9%85%D8%AC/%D8%A7%D9%84%D8%A7%D9%82%D8%AA%D8%B5%D8%A7%D8%AF-%D8%A7%D9%84%D9%8A%D9%88%D9%85/20250217-%D9%85%D8%A7%D8%B3%D9%83-%D9%8A%D8%B3%D8%AA%D8%B9%D8%AF-%D9%84%D8%A5%D8%B7%D9%84%D8%A7%D9%82-%D8%A8%D8%B1%D9%86%D8%A7%D9%85%D8%AC-%D8%BA%D8%B1%D9%88%D9%83-3-%D9%88%D9%8A%D8%B5%D9%81%D9%87-%D8%A8%D8%A3%D8%B0%D9%83%D9%89-%D8%A8%D8%B1%D9%86%D8%A7%D9%85%D8%AC-%D8%B0%D9%83%D8%A7%D8%A1-%D8%A7%D8%B5%D8%B7%D9%86%D8%A7%D8%B9%D9%8A-%D9%81%D9%8A-%D8%A7%D9%84%D8%B9%D8%A7%D9%84%D9%85,No Image URL,No Published Date,اقتصاد
France 24,No Author,ما المخاطر الاقتصادية بعد ارتفاع أسعار الغاز في أوروبا إلى أعلى مستوياتها منذ عامين؟,No Content,No Description,https://www.france24.com/ar/%D8%A8%D8%B1%D8%A7%D9%85%D8%AC/%D8%A7%D9%84%D8%A3%D8%B3%D8%A8%D9%88%D8%B9-%D8%A7%D9%84%D8%A7%D9%82%D8%AA%D8%B5%D8%A7%D8%AF%D9%8A/20250214-%D9%85%D8%A7-%D8%A7%D9%84%D9%85%D8%AE%D8%A7%D8%B7%D8%B1-%D8%A7%D9%84%D8%A7%D9%82%D8%AA%D8%B5%D8%A7%D8%AF%D9%8A%D8%A9-%D8%A8%D8%B9%D8%AF-%D8%A7%D8%B1%D8%AA%D9%81%D8%A7%D8%B9-%D8%A3%D8%B3%D8%B9%D8%A7%D8%B1-%D8%A7%D9%84%D8%BA%D8%A7%D8%B2-%D9%81%D9%8A-%D8%A3%D9%88%D8%B1%D9%88%D8%A8%D8%A7-%D8%A5%D9%84%D9%89-%D8%A3%D8%B9%D9%84%D9%89-%D9%85%D8%B3%D8%AA%D9%88%D9%8A%D8%A7%D8%AA%D9%87%D8%A7-%D9%85%D9%86%D8%B0-%D8%B9%D8%A7%D9%85%D9%8A%D9%86,No Image URL,No Published Date,اقتصاد
France 24,No Author,ماكرون ومودي في مدينة مارسيليا لتوطيد العلاقات الاقتصادية بين فرنسا والهند,No Content,No Description,https://www.france24.com/ar/%D8%A8%D8%B1%D8%A7%D9%85%D8%AC/%D8%A7%D9%84%D8%A7%D9%82%D8%AA%D8%B5%D8%A7%D8%AF-%D8%A7%D9%84%D9%8A%D9%88%D9%85/20250212-%D9%85%D8%A7%D9%83%D8%B1%D9%88%D9%86-%D9%88%D9%85%D9%88%D8%AF%D9%8A-%D9%81%D9%8A-%D9%85%D8%AF%D9%8A%D9%86%D8%A9-%D9%85%D8%A7%D8%B1%D8%B3%D9%8A%D9%84%D9%8A%D8%A7-%D9%84%D8%AA%D9%88%D8%B7%D9%8A%D8%AF-%D8%A7%D9%84%D8%B9%D9%84%D8%A7%D9%82%D8%A7%D8%AA-%D8%A7%D9%84%D8%A7%D9%82%D8%AA%D8%B5%D8%A7%D8%AF%D9%8A%D8%A9-%D8%A8%D9%8A%D9%86-%D9%81%D8%B1%D9%86%D8%B3%D8%A7-%D9%88%D8%A7%D9%84%D9%87%D9%86%D8%AF,No Image URL,No Published Date,اقتصاد
France 24,No Author,جولة ثقافية من فرنسا إلى مصر..مرورًا باليونان,No Content,No Description,https://www.france24.com/ar/%D8%A8%D8%B1%D8%A7%D9%85%D8%AC/%D8%AB%D9%82%D8%A7%D9%81%D8%A9/20250217-%D8%AC%D9%88%D9%84%D8%A9-%D8%AB%D9%82%D8%A7%D9%81%D9%8A%D8%A9-%D9%85%D9%86-%D9%81%D8%B1%D9%86%D8%B3%D8%A7-%D8%A5%D9%84%D9%89-%D9%85%D8%B5%D8%B1-%D9%85%D8%B1%D9%88%D8%B1%D9%8B%D8%A7-%D8%A8%D8%A7%D9%84%D9%8A%D9%88%D9%86%D8%A7%D9%86,No Image URL,No Published Date,ثقافة
France 24,No Author,"المغني الفرنسي إنريكو ماسياس: ""أحلم بالعودة إلى الجزائر قبل أن أغادر الحياة""",No Content,No Description,https://www.france24.com/ar/%D8%AB%D9%82%D8%A7%D9%81%D8%A9/20250217-%D8%A7%D9%84%D9%85%D8%BA%D9%86%D9%8A-%D8%A5%D9%86%D8%B1%D9%8A%D9%83%D9%88-%D9%85%D8%A7%D8%B3%D9%8A%D8%A7%D8%B3-%D8%A3%D8%B1%D9%8A%D8%AF-%D8%A7%D9%84%D8%B9%D9%88%D8%AF%D8%A9-%D8%A5%D9%84%D9%89-%D8%A7%D9%84%D8%AC%D8%B2%D8%A7%D8%A6%D8%B1-%D9%82%D8%A8%D9%84-%D8%A7%D9%84%D9%85%D9%88%D8%AA,No Image URL,No Published Date,ثقافة
France 24,No Author,"""المجمع المقدس"" و""الوحشي"" يتصدران حفل بافتا بأربع جوائز لكل منهما",No Content,No Description,https://www.france24.com/ar/%D8%AB%D9%82%D8%A7%D9%81%D8%A9/20250217-%D8%A7%D9%84%D9%85%D8%AC%D9%85%D8%B9-%D8%A7%D9%84%D9%85%D9%82%D8%AF%D8%B3-%D9%88-%D8%A7%D9%84%D9%88%D8%AD%D8%B4%D9%8A-%D9%8A%D8%AA%D8%B5%D8%AF%D8%B1%D8%A7%D9%86-%D8%AD%D9%81%D9%84-%D8%A8%D8%A7%D9%81%D8%AA%D8%A7-%D8%A8%D8%A3%D8%B1%D8%A8%D8%B9-%D8%AC%D9%88%D8%A7%D8%A6%D8%B2-%D9%84%D9%83%D9%84-%D9%85%D9%86%D9%87%D9%85%D8%A7,No Image URL,No Published Date,ثقافة
France 24,No Author,مهرجان برلين السينمائي يفتتح بفيلم عن لاجئة سورية وسط جدل سياسي,No Content,No Description,https://www.france24.com/ar/%D8%AB%D9%82%D8%A7%D9%81%D8%A9/20250213-%D9%85%D9%87%D8%B1%D8%AC%D8%A7%D9%86-%D8%A8%D8%B1%D9%84%D9%8A%D9%86-%D8%A7%D9%84%D8%B3%D9%8A%D9%86%D9%85%D8%A7%D8%A6%D9%8A-%D9%8A%D9%81%D8%AA%D8%AA%D8%AD-%D8%A8%D9%81%D9%8A%D9%84%D9%85-%D9%84%D9%84%D8%A7%D8%AC%D8%A6%D8%A9-%D8%B3%D9%88%D8%B1%D9%8A%D8%A9-%D9%88%D8%B3%D8%B7-%D8%AC%D8%AF%D9%84-%D8%B3%D9%8A%D8%A7%D8%B3%D9%8A,No Image URL,No Published Date,ثقافة
France 24,No Author,My French Film Festival,No Content,No Description,https://www.france24.comhttps://en.unifrance.org/news/17050/the-15th-myfrenchfilmfestival-is-coming-january-17%E2%80%89-%E2%80%89february-17-2025?preview=1%22,https://s.france24.com/media/display/a7e941ee-c915-11ef-9576-005056a97e36/w:720/p:16x9/France24%20AR%20banWeb%201280x720px.jpeg,No Published Date,No Tags
France 24,No Author,اليوم العالمي للإذاعة,No Content,No Description,https://www.france24.comhttps://www.unesco.org/ar/days/world-radio?hub=66636,https://s.france24.com/media/display/249f54da-e540-11ef-a1f6-005056a90284/w:720/p:16x9/hashtagWRD_WR25_400x225_Carrousel_AR%201.jpg,No Published Date,No Tags
