title,content,date,author,image_url,tags,url
"سوريا.. القبض على 3 من ""مرتكبي مجزرة التضامن""","أعلنت إدارة أمن العاصمة السورية دمشق، إلقاء القبض على 3 أشخاص قالت إنهم ""من المسؤولين عن مجزرة التضامن"" الشهيرة، التي نفذها الضابط في قوات نظام الأسد، أمجد يوسف.
وقال مدير أمن دمشق، المقدم عبد الرحمن الدباغ، الإثنين، إن الثلاثة ""اعترفوا بتورطهم بارتكاب مجازر في حي التضامن، تم خلالها تصفية أكثر من 500 رجل وامرأة من أهلنا المدنيين، دون أي محاكمة أو تهمة"".
وأضاف الدباغ لوكالة ""سانا"" الرسمية، أن عملية إلقاء القبض عليهم ""جاءت بعد رصد وتحقيق، وفي أعقاب اعتقال أحد الرؤوس المسؤولين"" عن المجزرة الشهيرة.
وتابع أنهم ""يعملون على البحث عن مواقع المجازر المرتكبة بالتنسيق مع الجهات المختصة"".
ومجزرة التضامن كان كشف عنها تحقيق لصحيفة ""الغارديان"" في أبريل 2022.
وورد في التحقيق أنها ارتكبت في 2013 على يد ضباط من نظام الأسد، وأسفرت عن مقتل نحو 41 شخصا ودفنهم في مقبرة جماعية.
وتضمّن التحقيق تسجيلا مصوّرا يوثّق إطلاق الرصاص على عشرات الأشخاص ودفنهم في مقبرة جماعية، ثم حرق جثثهم من قبل عناصر نظام الأسد.
وأبرز أسماء منفذي المجزرة، كان صف ضابط بالفرع ""227"" يدعى أمجد يوسف.
كما شارك في المجزرة عدة أشخاص، بينهم عناصر وقادة في أمن النظام السابق و""الدفاع الوطني"".",ضياء عودة - إسطنبول,17 فبراير 2025,https://media.voltron.alhurra.com/Drupal/01live-106/2019-12/el-saha_0.png,سوريا,https://www.alhurra.com/syria/2025/02/17/%D8%B3%D9%88%D8%B1%D9%8A%D8%A7-%D8%A7%D9%84%D9%82%D8%A8%D8%B6-3-%D9%85%D8%B1%D8%AA%D9%83%D8%A8%D9%8A-%D9%85%D8%AC%D8%B2%D8%B1%D8%A9-%D8%A7%D9%84%D8%AA%D8%B6%D8%A7%D9%85%D9%86
حاملا ملفي غزة وأوكرانيا.. روبيو يصل إلى السعودية,"وصل وزير الخارجية الأميركي ماركو روبيو، الإثنين، إلى السعودية قادما من إسرائيل، في زيارة ستشهد محادثات بشأن قطاع غزة، وتسبق اجتماعا مرتقبا في الرياض بين مسؤولين أميركيين وروس، لبحث إنهاء الحرب الأوكرانية.
ونقلت وسائل إعلام سعودية رسمية، لقطات من وصول روبيو إلى المملكة.
والأحد، جدد روبيو تأكيده على مواقف البيت الأبيض بشأن غزة، قائلا إن الرئيس دونالد ترامب ""كان واضحا في وجهة نظره"" بشأن مستقبل القطاع.
وأضاف في مؤتمر صحفي مشترك في القدس مع رئيس الوزراء الإسرائيلي بنيامين نتانياهو، أنه يجب القضاء على حركة حماس، موضحا أنه ""لا يمكن أن تستمر حماس كقوة عسكرية أو حكومة.. يجب القضاء عليها"".
كما أكد المسؤول الأميركي أن ترامب يرى أن ""الأفكار المستهلكة لا يمكن تكرارها في غزة""، مستطردا: ""كان الرئيس جريئا جدا في رأيه حول ما يجب أن يكون عليه مستقبل غزة، ليس الأفكار المملة نفسها من الماضي، بل يجب أن يكون شيئا جريئا"".
ويقترح الرئيس الأميركي خطة لنقل سكان غزة إلى دول مصر والأردن أو غيرهما من أجل بدء خطة إعمار في القطاع، وهو ما ترفضه الدول العربية والفلسطينيون.
كما تأتي زيارة روبيو إلى السعودية، بعد مكالمة هاتفية جمعت ترامب بنظيره الروسي فلاديمير بوتين، الأسبوع الماضي.
ووجه ترامب كبار المسؤولين ببدء مفاوضات بشأن الحرب الأوكرانية، التي تعهد مرارا خلال حملته الانتخابية بإنهائها.
وتحدث ترامب وبوتين لأكثر من ساعة، الأربعاء، وهو أول اتصال مباشر معروف بين رئيسين أميركي وروسي منذ أن أجرى بوتين مكالمة مع الرئيس الأميركي السابق جو بايدن، قبل وقت قصير من الغزو الروسي لأوكرانيا في فبراير 2022.
وقال ترامب إنه اتفق وبوتين خلال الاتصال على بدء المفاوضات ""فورا""، بشأن الحرب في أوكرانيا.
وأكد المتحدث باسم الكرملين، أن التحضيرات لعقد اجتماع بين الرئيسين، وربما تستغرق عدة أشهر، لكن الجانبين اتفقا على أن العاصمة السعودية الرياض هي ""المكان المناسب"" للقاء.
والخميس، قال الكرملين إنه ""معجب بموقف ترامب"" بشأن إنهاء الحرب في أوكرانيا، وذكر أن الاستعدادات جارية لعقد اجتماع بين الزعيمين.
ولعبت الرياض، التي تشارك أيضا في محادثات مع واشنطن حول مستقبل قطاع غزة، دورا في الاتصالات المبكرة بين إدارة ترامب وموسكو، مما ساعد في إتمام صفقة تبادل سجناء الأسبوع الماضي.
وقال عضو في الكونغرس الأميركي ومصدر لرويترز، إن روبيو الذي أجرى اتصالا هاتفيا مع نظيره الروسي سيرغي لافروف، السبت، سيلتقي مع مسؤولين روس في السعودية.
وسيشارك معه في اللقاءات مستشار ترامب للأمن القومي مايك والتز ومبعوث البيت الأبيض للشرق الأوسط ستيف ويتكوف.
ولم يتضح على الفور من الذي سيشارك عن الجانب الروسي.
ونقلت صحيفة كوميرسانت الروسية عن مصادر لم تسمها، أن المحادثات ستجري الثلاثاء في العاصمة السعودية الرياض.
كما أشار تقرير لموقع أكسيوس الأميركي، أن المحادثات ستعقد الثلاثاء، وأنها أثارت مخاوف وقلق لدى أوكرانيا تحسبا من ""صفقة أميركية روسية خلف ظهر كييف"".
وقال روبيو، الأحد، إن الأسابيع والأيام المقبلة ستحدد ما إذا كان بوتين جادا بشأن صنع السلام.
من جانبه، أكد وزير الدفاع الأميركي بيت هيغسيث، الخميس، أن المبادرة التي اتخذها ترامب بتواصله المباشر مع بوتين بشأن أوكرانيا، لا تشكل ""خيانة"" لكييف، خلال لقاء مع الحلفاء الأوروبيين الذين يطالبون بمقعد لهم على طاولة المفاوضات بعدما باغتهم الطرح الأميركي.
ويجتمع، الإثنين، نحو 10 من قادة دول الاتحاد الأوروبي وحلف شمال الأطلسي في باريس، لتحديد رد مشترك لأمن أوروبا ومواجهة ""تسريع"" الإدارة الأميركية التحرك على صعيد ملف أوكرانيا.
والأحد، أعلن رئيس الوزراء البريطاني كير ستارمر، استعداده لإرسال قوات لكييف إذا لزم الأمر، لضمان أمن بريطانيا وأوروبا.
من جانبه يجري الرئيس الأوكراني فولوديمير زيلينسكي جولة أيضا في المنطقة، حيث وصل الإمارات، الأحد.
وقال زيلينسكي إنه يعتزم زيارة السعودية وتركيا، دون تحديد مواعيد، مضيفا أن ليس لديه خطط للقاء مسؤولين روس أو أميركيين، كما لا يعتقد أن أوكرانيا مدعوة للمحادثات التي تستضيفها السعودية.",الحرة - دبي,17 فبراير 2025,https://media.voltron.alhurra.com/Drupal/01live-106/2019-12/el-saha_0.png,عربي ودولي,https://www.alhurra.com/arabic-and-international/2025/02/17/%D8%AD%D8%A7%D9%85%D9%84%D8%A7-%D9%85%D9%84%D9%81%D9%8A-%D8%BA%D8%B2%D8%A9-%D9%88%D8%A3%D9%88%D9%83%D8%B1%D8%A7%D9%86%D9%8A%D8%A7-%D8%B1%D9%88%D8%A8%D9%8A%D9%88-%D9%8A%D8%B5%D9%84-%D8%A7%D9%84%D8%B3%D8%B9%D9%88%D8%AF%D9%8A%D8%A9
القمة العربية الطارئة في مصر.. تأجيل محتمل وغزة في قلب الأجندة,"أعلن الأمين العام المساعد لجامعة الدول العربية، السفير حسام زكي، أن ""من المحتمل أن يتم تأجيل"" القمة العربية الطارئة، التي كان من المقرر عقدها في مصر يوم 27 فبراير الجاري.
وأرجع زكي التأجيل المحتمل إلى ""اعتبارات لوجستية مرتبطة بجداول قادة الدول العربية"".
وفي هذا الصدد، أكد في تصريحات تلفزيونية، أن ""حرص مصر على ضمان مشاركة أكبر عدد ممكن من القادة لتعزيز فعالية القمة، هو الدافع الأساسي لأي تغيير محتمل في موعدها"".
وفيما يتعلق بأجندة القمة، أوضح زكي أنها تهدف إلى ""توحيد الموقف العربي بشأن القضية الفلسطينية، سيما في ظل الرفض العربي لمخطط التهجير الذي طرحته إسرائيل وتبنته لاحقًا الإدارة الأميركية"".
وأضاف أن مصر ""ستقدم مقترحًا يركز على إعادة إعمار قطاع غزة من خلال جهود الفلسطينيين أنفسهم، بما يضمن خلق فرص عمل محلية، دون الحاجة إلى تهجير السكان خارج القطاع"".
وشدد على أن القمة ستصدر وثيقة رسمية ""تعكس هذا الموقف، وتؤكد على دعم الشعب الفلسطيني وتعزيز صموده"".
وكان الرئيس الأميركي دونالد ترامب، قد اقترح خطة تقضي بتولي الولايات المتحدة زمام الأمور في قطاع غزة، ونقل سكانه الفلسطينيين إلى دول أخرى، على رأسها مصر والأردن، وهو ما قوبل برفض الدول العربية والفلسطينيين.
وفي هذا الصدد، أكد زكي أن الموقف العربي من الخطة الأميركية ""سيتبلور بشكل أوضح خلال الحوار الرسمي مع الجانب الأميركي""، لكنه شدد على أن الأساس ""يجب أن يكون احترام إرادة الشعب الفلسطيني وحقه في تقرير مصيره"".
كما أشار إلى أن الفلسطينيين ""يرفضون الخيارات التي تطرحها إسرائيل، سواء فرض سيطرتها على غزة، أو تعيين جهة تحكمها، أو إخلاء القطاع من سكانه""، معتبرا أن الحل المقبول هو ""أن يحكم الفلسطينيون أنفسهم حتى يتم التوصل إلى تسوية شاملة"".
وحول القمة الخماسية التي ستُعقد في الرياض، والتي تضم مصر والسعودية والأردن والإمارات وقطر، قال زكي إن هذه الدول ""حافظت على تنسيق مستمر منذ بداية الحرب في غزة، عبر اجتماعات دورية على مستوى وزراء الخارجية والمسؤولين المعنيين"".
وأوضح أن ""إمكانية دعوة فلسطين لحضور هذه القمة واردة""، لافتًا إلى أنها قد تشهد التوصل إلى ""إطار عام للموقف العربي يُطرح لاحقًا على جامعة الدول العربية"".",محمد محيي الدين - القاهرة,17 فبراير 2025,https://media.voltron.alhurra.com/Drupal/01live-106/2019-12/el-saha_0.png,مصر,https://www.alhurra.com/egypt/2025/02/17/%D8%A7%D9%84%D9%82%D9%85%D8%A9-%D8%A7%D9%84%D8%B9%D8%B1%D8%A8%D9%8A%D8%A9-%D8%A7%D9%84%D8%B7%D8%A7%D8%B1%D8%A6%D8%A9-%D9%81%D9%8A-%D9%85%D8%B5%D8%B1-%D8%AA%D8%A3%D8%AC%D9%8A%D9%84-%D9%85%D8%AD%D8%AA%D9%85%D9%84-%D9%88%D8%BA%D8%B2%D8%A9-%D9%81%D9%8A-%D9%82%D9%84%D8%A8-%D8%A7%D9%84%D8%A3%D8%AC%D9%86%D8%AF%D8%A9
كواليس القرار.. غوارديولا يكشف أسباب التعاقد مع المصري مرموش,"كشف المدير الفني لنادي مانشستر سيتي الإنكليزي، بيب غوارديولا، تفاصيل اتخاذ قرار التعاقد مع المهاجم المصري عمر مرموش، وذلك عقب تألق اللاعب وتسجيله 3 أهداف في الفوز على نيوكاسل، السبت.
وقال غوارديولا في تصريحات نقلها موقع ""جول"" الرياضي الشهير، الأحد، إن ""اتصالاته في ألمانيا"" ساعدت في قرار التعاقد مع الدولي المصري بصفقة وصلت قيمتها إلى 74 مليون دولار، من نادي آينتراخت فرانكفورت.
وتابع المدرب الإسباني حديثه بالقول، إنه ناقش مع مدير الكرة في النادي، تشيكي بيجرستين، التعاقد مع لاعبين جدد لدعم الفريق. وأوضح: ""تواصلت مع البعض في ألمانيا لأن لدي أصدقاء هناك"".
وسبق أن قاد غوارديولا العملاق الألماني بايرن ميونخ، بعد تجربته الأهم مع نادي برشلونة الإسباني.
واستطرد غوارديولا: ""سألت عن بعض الأمور وكانت الآراء جيدة في العديد من الأشياء، مثل السلوك والتدريب والأهداف"".
ووصف مرموش بالقول: ""إنه شاب جاء إلى هنا لبناء مسيرته المهنية. لهذا السبب يتخذ النادي القرارات. لديهم (المسؤولون) دائما الكلمة الأخيرة"".
وافتتح مرموش أهدافه مع مانشستر سيتي بتسجيل ثلاثية في غضون 13 دقيقة، في الفوز 4-صفر على ضيفه نيوكاسل يونايتد، ليعود الفريق للانتصارات في الدوري الإنكليزي الممتاز لكرة القدم.
ورفع سيتي، الذي خسر أمام أرسنال في الجولة الماضية، رصيده إلى 44 نقطة، ليتقدم للمركز الرابع. وظل نيوكاسل في المركز السابع ولديه 41 نقطة.",الحرة - دبي,17 فبراير 2025,https://media.voltron.alhurra.com/Drupal/01live-106/2019-12/el-saha_0.png,رياضة,https://www.alhurra.com/sport/2025/02/17/%D9%83%D9%88%D8%A7%D9%84%D9%8A%D8%B3-%D8%A7%D9%84%D9%82%D8%B1%D8%A7%D8%B1-%D8%BA%D9%88%D8%A7%D8%B1%D8%AF%D9%8A%D9%88%D9%84%D8%A7-%D9%8A%D9%83%D8%B4%D9%81-%D8%A3%D8%B3%D8%A8%D8%A7%D8%A8-%D8%A7%D9%84%D8%AA%D8%B9%D8%A7%D9%82%D8%AF-%D9%85%D8%B9-%D8%A7%D9%84%D9%85%D8%B5%D8%B1%D9%8A-%D9%85%D8%B1%D9%85%D9%88%D8%B4
"""المشاركون والتوقيت"".. ""تفاصيل"" عن الاجتماع الأميركي الروسي بالسعودية","كشف موقع ""أكسيوس"" الأميركي، تفاصيل متعلقة باللقاء المرتقب بين مسؤولين أميركيين وروس في السعودية، لمناقشة اتفاق محتمل لإنهاء الحرب في أوكرانيا.
وقال مصدران ""مطلعان""، إن الاجتماع سيجري الثلاثاء، وسيناقش أيضا التحضير لقمة مرتقبة بين الرئيس الأميركي دونالد ترامب، والروسي فلاديمير بوتين.
وكان ترامب قد صرح، الأحد، إنه قد يلتقي مع بوتين ""قريبا جدا"" لمناقشة سبل إنهاء الحرب في أوكرانيا.
وفي حديثه للصحفيين، أكد ترامب أنه يعمل بجد لتحقيق السلام، مشيرا إلى أنه يعتقد أن كلا من بوتين والرئيس الأوكراني فولوديمير زيلينسكي، يرغبان في وقف القتال.
وأوضح تقرير أكسيوس أن الوفد الأميركي الذي سيشارك في اجتماع السعودية، ""سيضم وزير الخارجية ماركو روبيو، ومستشار الأمن القومي مايك والتز، ومبعوث الشرق الأوسط ستيف ويتكوف"".
من جانبه قال الكرملين، الإثنين، إن وزير الخارجية الروسي سيرغي لافروف ومعه يوري أوشاكوف مستشار السياسة الخارجية للرئيس فلاديمير بوتين سيشاركان، الثلاثاء، في المحادثات.
وقال دميتري بيسكوف المتحدث باسم الكرملين للصحفيين، إن الاجتماع سيركز أيضا على الإعداد لمحادثات سلام محتملة بشأن أوكرانيا.
وأضاف أن لافروف وأوشاكوف سيتوجهان للرياض الإثنين، لكنه أحجم عن التعليق لدى سؤاله عما إذا كان بوتينسيلتقي الرئيس الأميركي ترامب وجها لوجه في السعودية هذا الشهر.
وأشار التقرير إلى أن الاجتماع المرتقب في السعودية ""أثار القلق والإحباط"" لدى الحكومة الأوكرانية، حيث تشعر ""بقلق"" من صفقة أميركية روسية بعيدا عن كييف.
وصرح مسؤول أوكراني كبير للموقع الأميركي، بأن الدعوة الوحيدة التي تلقتها أوكرانيا كانت ""من خلال التقارير الإعلامية"".
ووصل روبيو إلى المنطقة لعقد مباحثات حول أبرز القضايا المحورية، وعلى رأسها غزة، وزار إسرائيل الأحد، ثم توجه إلى المملكة العربية السعودية.
يأتي ذلك بعد أيام فقط من إعلان ترامب تحدثه مع بوتين لأول مرة منذ عودته إلى منصبه، وأنهما اتفقا على بدء محادثات بشأن وقف إطلاق النار في أوكرانيا.
وأجرى روبيو، السبت، مكالمة هاتفية مع نظيره الروسي لافروف، أكد خلالها ""التزام الرئيس ترامب بإيجاد حل للنزاع في أوكرانيا""، حسب وزارة الخارجية الأميركية.",الحرة - دبي,17 فبراير 2025,https://media.voltron.alhurra.com/Drupal/01live-106/2019-12/el-saha_0.png,عربي ودولي,https://www.alhurra.com/arabic-and-international/2025/02/17/%D8%A7%D9%84%D9%85%D8%B4%D8%A7%D8%B1%D9%83%D9%88%D9%86-%D9%88%D8%A7%D9%84%D8%AA%D9%88%D9%82%D9%8A%D8%AA-%D8%AA%D9%81%D8%A7%D8%B5%D9%8A%D9%84-%D8%A7%D9%84%D8%A7%D8%AC%D8%AA%D9%85%D8%A7%D8%B9-%D8%A7%D9%84%D8%A3%D9%85%D9%8A%D8%B1%D9%83%D9%8A-%D8%A7%D9%84%D8%B1%D9%88%D8%B3%D9%8A-%D8%A8%D8%A7%D9%84%D8%B3%D8%B9%D9%88%D8%AF%D9%8A%D8%A9
المأساة تتكرر.. قتلى وجرحى بانهيار عقار في مصر,"لقي 10 أشخاص مصرعهم إثر انهيار عقار سكني في منطقة كرداسة بمحافظة الجيزة المصرية، وأصيب 8 آخرون، فيما تواصل فرق الحماية المدنية جهودها لانتشال باقي العالقين تحت الأنقاض.
وكانت غرفة النجدة بمديرية أمن الجيزة، قد تلقت بلاغًا يفيد بسقوط عقار مكون من 3 طوابق في منطقة كرداسة، صباح الإثنين.
وانتقلت فرق الإنقاذ وقوات الأمن إلى موقع الحادث، حيث تم الدفع بعدد من سيارات الإسعاف والمعدات الثقيلة للمساعدة في عمليات البحث والإنقاذ.
ووفقًا لشهود عيان، فإن ""انفجار أسطوانة غاز قد يكون السبب وراء انهيار العقار""، فيما تكثف الجهات الأمنية المعنية تحرياتها لكشف ملابسات الحادث والتأكد من الأسباب الفعلية للانهيار، بما في ذلك فحص سلامة البناء وإجراء المعاينات الهندسية اللازمة.
ونُقل المصابون إلى المستشفيات لتلقي العلاج، بينما تم تحرير محضر رسمي بالواقعة، وأخطرت النيابة العامة التي باشرت التحقيقات، وأمرت بانتداب خبراء المعمل الجنائي لمعاينة موقع الحادث ورفع الأدلة لتحديد أسباب الانهيار بدقة.
وتتكرر حوادث انهيار العقارات في مصر، نظرا لحالة العديد منها كونها قديمة، بالإضافة إلى سوء عمليات الصيانة.",محمد محيي الدين - القاهرة,17 فبراير 2025,https://media.voltron.alhurra.com/Drupal/01live-106/2019-12/el-saha_0.png,مصر,https://www.alhurra.com/egypt/2025/02/17/%D8%A7%D9%84%D9%85%D8%A3%D8%B3%D8%A7%D8%A9-%D8%AA%D8%AA%D9%83%D8%B1%D8%B1-%D9%82%D8%AA%D9%84%D9%89-%D9%88%D8%AC%D8%B1%D8%AD%D9%89-%D8%A8%D8%A7%D9%86%D9%87%D9%8A%D8%A7%D8%B1-%D8%B9%D9%82%D8%A7%D8%B1-%D9%81%D9%8A-%D9%85%D8%B5%D8%B1
"""مخاوف"" على صحة الأميركيين بسبب خفض التمويل ""غير المباشر""","أعلنت المعاهد الوطنية للصحة في الولايات المتحدة عن خفض التمويل ""غير المباشر"" المخصص للأبحاث الطبية، الأمر الذي سيؤدي إلى تقليل الإنفاق السنوي بمقدار 4 مليارات دولار.
وأوضحت المعاهد أن هذا القرار يهدف إلى توجيه المزيد من الموارد للبحث العلمي المباشر، مع تقليل النفقات الإدارية لضمان استخدام التمويل بشكل أكثر فاعلية.
في المقابل، واجه القرار انتقادات شديدة من الحزب الديمقراطي، حيث وصفه بعض المشرعين بأنه ""كارثي"" على الأبحاث الطبية التي يعتمد عليها ملايين المرضى.
وأشاروا إلى أن الأطفال المرضى قد لا يحصلون على العلاجات التي يحتاجونها، وأن التجارب السريرية قد تتوقف فجأة، مما قد يؤدي إلى عواقب وخيمة.
وفي مقابلة مع برنامج ""الحرة الليلة""، قال الباحث في مركز ميموريال سلون كيترينج للسرطان في نيويورك، حكيم جاب الله، إن ""هذه الخطوة تشبه محاولات سابقة خلال ولاية الرئيس دونالد ترامب الأولى، لكنها هذه المرة تمر دون مقاومة كبيرة"".

وأوضح أن ""الأموال المقطوعة تُستخدم لإدارة المختبرات وصيانتها وتغطية التكاليف التشغيلية مثل الكهرباء والمياه ودفع رواتب الموظفين"".
وأضاف جاب الله أن ""القرار لن يؤثر على المستشفيات، لأن تمويلها منفصل عن تمويل الأبحاث، لكنه سيؤدي إلى مشكلات كبيرة للمؤسسات البحثية، خصوصا تلك التي تواجه صعوبات في شراء المعدات وإجراء التجارب"".
كما حذر من أن استمرار خفض التمويل قد يدفع الباحثين إلى البحث عن فرص خارج الولايات المتحدة، مما قد يضر بمكانتها العلمية على المستوى العالمي.
وأشار جاب الله إلى أن ""الأبحاث الطبية تستغرق من 15 إلى 20 عاما للوصول إلى مرحلة العلاج، مما يعني أن التأثير لن يكون فوريا، لكنه قد يؤدي إلى خسارة الولايات المتحدة موقعها الريادي في هذا المجال"".
كما أوضح أن ""الباحثين الشباب والمؤسسات الصغيرة سيكونون الأكثر تضررا من القرار، إذ ستتقلص فرصهم في الحصول على التمويل اللازم لمواصلة أبحاثهم، بينما قد تتمكن الجامعات الكبرى مثل هارفارد من تجاوز الأزمة بفضل دعمها المالي القوي"".
ولاقى القرار تأييدا من الداعمين لخفض الإنفاق الحكومي، حيث وصفته وكالة تحسين الكفاءة الحكومية، التي يرأسها الملياردير إيلون ماسك، بأنه خطوة إيجابية نحو ترشيد الإنفاق العام.
في المقابل، حذر خبراء وباحثون من أن القرار قد يعرّض الأبحاث الطبية الحيوية للخطر، خاصة تلك التي تعتمد على التمويل الفيدرالي لتغطية التكاليف الأساسية مثل البنية التحتية والمعدات والموظفين.
ودعا بعضهم إلى إعادة النظر في القرار قبل أن تتفاقم تأثيراته السلبية على تقدم الأبحاث الطبية.",الحرة الليلة,17 فبراير 2025,https://media.voltron.alhurra.com/Drupal/01live-106/2019-12/el-saha_0.png,آخر الأخبار- الرئيسية,https://www.alhurra.com/top-news/2025/02/17/%D9%85%D8%AE%D8%A7%D9%88%D9%81-%D8%B5%D8%AD%D8%A9-%D8%A7%D9%84%D8%A3%D9%85%D9%8A%D8%B1%D9%83%D9%8A%D9%8A%D9%86-%D8%A8%D8%B3%D8%A8%D8%A8-%D8%AE%D9%81%D8%B6-%D8%A7%D9%84%D8%AA%D9%85%D9%88%D9%8A%D9%84-%D8%BA%D9%8A%D8%B1-%D8%A7%D9%84%D9%85%D8%A8%D8%A7%D8%B4%D8%B1
العثور على ممثلة كورية معروفة ميتة في منزلها,"أعلنت الشرطة الكورية، الأحد، العثور على الممثلة كيم سيه-رون، ميتة داخل منزلها في حي سيونغدونغ بالعاصمة سول.
ووفقا للشرطة، تم اكتشاف جثة الممثلة البالغة من العمر 24 عاما عند الساعة 4:55 مساء الأحد، بعد أن دخل أحد أصدقائها منزلها، حيث كان من المقرر أن يلتقي بها، لكنه وجدها دون استجابة وأبلغ السلطات فورا.
وقال مسؤول في الشرطة إن التحقيقات الأولية لم تكشف عن أي علامات تشير إلى شبهة جنائية، مشيرا إلى أن السلطات لا تزال تعمل على تحديد ملابسات الوفاة، وفقا لما نقلته وكالة يونهاب الكورية الجنوبية.
وكيم سيه-رون (31 يوليو 2000)، كانت ممثلة كورية جنوبية بارزة.
بدأت مسيرتها الفنية في سن التاسعة، وحققت شهرة واسعة من خلال أفلام عدة.
ومع تقدمها في العمر، تولت أدوارا رئيسية في أعمال بارزة، بما في ذلك فيلم ""A Girl at My Door"" والمسلسل التلفزيوني ""Secret Healer"".
في مايو 2022، تورطت كيم في حادثة قيادة تحت تأثير الكحول في سيول، مما أدى إلى تداعيات قانونية وإضرار بمسيرتها المهنية. بعد الحادث، قدمت اعتذارا علنيا وابتعدت عن الأضواء لفترة.",الحرة - واشنطن,17 فبراير 2025,https://media.voltron.alhurra.com/Drupal/01live-106/2019-12/el-saha_0.png,منوعات,https://www.alhurra.com/varieties/2025/02/17/%D8%A7%D9%84%D8%B9%D8%AB%D9%88%D8%B1-%D9%85%D9%85%D8%AB%D9%84%D8%A9-%D9%83%D9%88%D8%B1%D9%8A%D8%A9-%D9%85%D8%B9%D8%B1%D9%88%D9%81%D8%A9-%D9%85%D9%8A%D8%AA%D8%A9-%D9%81%D9%8A-%D9%85%D9%86%D8%B2%D9%84%D9%87%D8%A7
القوات الروسية تكثف هجماتها على شرق أوكرانيا,"أعلنت القوات الأوكرانية، الأحد، أن القوات الروسية كثفت هجماتها بشكل حاد في شرق أوكرانيا، فيما توقع مسؤول في الناتو أن تزيد موسكو وتيرة هجماتها مع اقتراب المحادثات الرامية لإنهاء الحرب.
وتركزت الهجمات الرئيسية بالقرب من مركز الإمدادات المهدد في بوكروفسك، وفقا للجيش الأوكراني، بينما تستعد الولايات المتحدة وروسيا لإجراء محادثات في السعودية خلال الأيام المقبلة، وسط جهود من الرئيس الأميركي دونالد ترامب لدفع عملية السلام.
وسجلت القوات الأوكرانية 261 اشتباكا قتاليا خلال 24 ساعة السبت، وهو أعلى رقم يتم تسجيله هذا العام وأكثر من ضعف المتوسط اليومي البالغ 100 اشتباك في الأيام السابقة.
ووصف مدون عسكري أوكراني السبت بأنه ""أصعب يوم في عام 2025 على الجبهة"".
وفي تقرير مسائي الأحد، ذكر الجيش الأوكراني أن عدد الاشتباكات خلال 24 ساعة انخفض إلى 117، منها 38 في قطاع بوكروفسك، مع استمرار المعارك هناك.
وفي المقابل، أعلنت روسيا السبت، سيطرتها على قرية بيريزيفكا، شمال شرق بوكروفسك، فيما لم يشر التقرير الأوكراني إلى هذه القرية، لكنه أكد تعرض المستوطنة المجاورة فوديان دروهي لهجوم.
وشهد النصف الثاني من عام 2024 تقدما روسيا ثابتا في الشرق، حيث استولت القوات الروسية على العديد من القرى، رغم انخفاض حدة القتال في يناير 2025، وفقا للبيانات الأوكرانية.
وتواصل القوات الروسية تقدمها جنوب بوكروفسك، مهددة طريق الإمداد الرئيسي إلى المدينة، مما قد يفتح جبهات هجوم إضافية لموسكو.
على الرغم من الضغط العسكري، أعلن الرئيس الأوكراني فولوديمير زيلينسكي عن تحقيق ""نتيجة جيدة"" في الشرق الخميس، بينما قال متحدث عسكري أوكراني إن قوات كييف استعادت السيطرة على قرية بيشانيه، الواقعة على بعد 5 كيلومترات جنوب بوكروفسك.
وتواصل أوكرانيا استخدام الطائرات المسيّرة لشن هجمات عميقة داخل الأراضي الروسية، بينما تواصل موسكو تنفيذ ضربات جوية بالصواريخ والطائرات المسيّرة إلى جانب تقدمها على الأرض في الشرق.
وأشار زيلينسكي إلى أن حجم الضربات الجوية الروسية قد ازداد في الأيام الأخيرة، حيث أطلقت موسكو نحو 1220 قنبلة جوية، وأكثر من 850 طائرة مسيرة، و40 صاروخا خلال الأسبوع الماضي، مقارنة بـ 1206 قنبلة و750 طائرة مسيرة و10 صواريخ فقط في الأسبوع السابق.",الحرة - واشنطن,17 فبراير 2025,https://media.voltron.alhurra.com/Drupal/01live-106/2019-12/el-saha_0.png,آخر الأخبار- الرئيسية,https://www.alhurra.com/top-news/2025/02/17/%D8%A7%D9%84%D9%82%D9%88%D8%A7%D8%AA-%D8%A7%D9%84%D8%B1%D9%88%D8%B3%D9%8A%D8%A9-%D8%AA%D9%83%D8%AB%D9%81-%D9%87%D8%AC%D9%85%D8%A7%D8%AA%D9%87%D8%A7-%D8%B4%D8%B1%D9%82-%D8%A3%D9%88%D9%83%D8%B1%D8%A7%D9%86%D9%8A%D8%A7
أسعار النفط تواصل التراجع وسط توقعات باتفاق سلام بين موسكو وكييف,"انخفضت أسعار النفط لليوم الرابع على التوالي، متأثرة بتوقعات تفيد بأن اتفاق سلام محتمل بين روسيا وأوكرانيا قد يؤدي إلى تخفيف العقوبات المفروضة على موسكو، مما يسهم في استقرار تدفقات الإمدادات.
كما زادت المخاوف بشأن تأثير الحروب التجارية العالمية على النمو الاقتصادي، مما قد يضعف الطلب على الطاقة.
ووفقا لبيانات السوق، تراجعت العقود الآجلة لخام برنت بمقدار 20 سنتا أو 0.2% لتصل إلى 74.59 دولارا للبرميل بحلول الساعة 01:12 بتوقيت غرينتش.
وكان خام برنت قد فقد 3.1% من قيمته خلال الجلسات الأربع الماضية، بعد أن أعلن الرئيس الأميركي دونالد ترامب ومسؤولون في إدارته عن بدء محادثات مع روسيا لإنهاء الحرب في أوكرانيا.
في المقابل، انخفضت العقود الآجلة لخام غرب تكساس الوسيط بمقدار 23 سنتا أو 0.3%، ليصل إلى 70.51 دولارا للبرميل، بعد أن تراجع الخام الأميركي بنسبة 3.8% خلال الجلسات الأربع الماضية. وخلال تداولات اليوم، انخفض إلى 70.12 دولارا للبرميل، وهو أدنى مستوى يسجله منذ 30 ديسمبر الماضي.
وفي سياق متصل، قال الرئيس الأميركي دونالد ترامب، الأحد، بأنه قد يلتقي ""قريبا جدا"" مع الرئيس الروسي فلاديمير بوتين لمناقشة سبل إنهاء الحرب في أوكرانيا.
تأتي تصريحات ترامب في وقت تستعد الولايات المتحدة وروسيا لعقد محادثات أولية في السعودية خلال الأيام المقبلة، في إطار الجهود الدبلوماسية الرامية إلى إنهاء النزاع المستمر.
وقال مسؤولون أميركيون السبت، إن وزير الخارجية ماركو روبيو ومستشار الأمن القومي مايك والتز والمبعوث الخاص إلى الشرق الأوسط ستيف ويتكوف سيتوجهون إلى السعودية لحضور الاجتماع.",الحرة - واشنطن,17 فبراير 2025,https://media.voltron.alhurra.com/Drupal/01live-106/2019-12/el-saha_0.png,آخر الأخبار- الرئيسية,https://www.alhurra.com/top-news/2025/02/17/%D8%A3%D8%B3%D8%B9%D8%A7%D8%B1-%D8%A7%D9%84%D9%86%D9%81%D8%B7-%D8%AA%D9%88%D8%A7%D8%B5%D9%84-%D8%A7%D9%84%D8%AA%D8%B1%D8%A7%D8%AC%D8%B9-%D8%AA%D9%88%D9%82%D8%B9%D8%A7%D8%AA-%D8%A8%D8%A7%D8%AA%D9%81%D8%A7%D9%82-%D8%B3%D9%84%D8%A7%D9%85-%D8%A8%D9%8A%D9%86-%D9%85%D9%88%D8%B3%D9%83%D9%88-%D9%88%D9%83%D9%8A%D9%8A%D9%81
"سول تعلق تطبيق ""ديب سيك"" الصيني بسبب انتهاك قواعد الخصوصية","أعلنت هيئة حماية البيانات في كوريا الجنوبية، الاثنين، تعليق عمليات تنزيل تطبيق الذكاء الاصطناعي الصيني ""ديب سيك"" داخل البلاد.
يأتي ذلك بعد اعتراف التطبيق بعدم الامتثال لبعض اللوائح المتعلقة بحماية البيانات الشخصية.
وخلال مؤتمر صحفي، أوضحت هيئة حماية المعلومات الشخصية أن استئناف الخدمة سيُسمح به بمجرد تنفيذ التحسينات المطلوبة وفقا لقانون الخصوصية المعمول به في كوريا الجنوبية.
وأضافت الهيئة أن القرار، الذي دخل حيز التنفيذ يوم السبت، يهدف إلى منع عمليات التنزيل الجديدة للتطبيق، في حين أن الخدمة عبر الإنترنت لا تزال متاحة للمستخدمين في البلاد.
وأشارت لجنة حماية البيانات الشخصية إلى أن الشركة المطورة لـ""ديب سيك"" قامت الأسبوع الماضي بتعيين ممثلين قانونيين لها في كوريا الجنوبية، وأقرت بحدوث إهمال جزئي في الامتثال لقوانين حماية البيانات المحلية.
وفي الأول من فبراير الحالي، قررت السلطات في تايوان منع العاملين في القطاع العام وفي مرافق البنى التحتية الحيوية من استخدام تطبيق ""ديب سيك""، قائلة إنه منتج صيني ويمكن أن يعرض الأمن القومي للخطر.
وأثارت دول من بينها كوريا الجنوبية وإيرلندا وفرنسا وأستراليا وإيطاليا تساؤلات حول معالجة بيانات المستخدمين من جانب شركة الذكاء الاصطناعي الصينية الناشئة.",الحرة - واشنطن,17 فبراير 2025,https://media.voltron.alhurra.com/Drupal/01live-106/2019-12/el-saha_0.png,آخر الأخبار- الرئيسية,https://www.alhurra.com/top-news/2025/02/17/%D8%B3%D9%88%D9%84-%D8%AA%D8%B9%D9%84%D9%82-%D8%AA%D8%B7%D8%A8%D9%8A%D9%82-%D8%AF%D9%8A%D8%A8-%D8%B3%D9%8A%D9%83-%D8%A7%D9%84%D8%B5%D9%8A%D9%86%D9%8A-%D8%A8%D8%B3%D8%A8%D8%A8-%D8%A7%D9%86%D8%AA%D9%87%D8%A7%D9%83-%D9%82%D9%88%D8%A7%D8%B9%D8%AF-%D8%A7%D9%84%D8%AE%D8%B5%D9%88%D8%B5%D9%8A%D8%A9
بريطانيا تبدي استعدادها لإرسال قوات إلى أوكرانيا,"أعلن رئيس الوزراء البريطاني، كير ستارمر، الأحد، استعداد بلاده لإرسال قوات إلى أوكرانيا ضمن أي مهمة لحفظ السلام عقب انتهاء الحرب.
وأكد في مقال نشرته صحيفة ديلي تليغراف البريطانية، أهمية أن تلعب الدول الأوروبية دورا محوريا في المحادثات الرامية لإنهاء الصراع في أوكرانيا.
وأشار إلى أنه لا يتخذ قرارات بشأن إرسال الجنود البريطانيين إلى مناطق النزاع باستخفاف، لكنه قال إن ""تحقيق سلام دائم في أوكرانيا، أمر بالغ الأهمية لمنع الرئيس الروسي فلاديمير بوتين من شن المزيد من الهجمات مستقبلا"".
قال ستارمر أيضا: ""عندما تنتهي الحرب بين روسيا وأوكرانيا، لا يمكن أن يكون ذلك مجرد استراحة قبل أن يعاود بوتين الهجوم مجددا"".
وسيجري فريق من كبار المسؤولين من إدارة الرئيس الأميركي دونالد ترامب محادثات في السعودية مع مفاوضين روس وأوكرانيين بشأن إنهاء الحرب في أوكرانيا، بحسب ما أعلن مسؤولون أميركيون.
نائب الرئيس الأميركي، جي دي فانس أكد بدوره الجمعة، أن واشنطن تريد تأمين سلام دائم في أوكرانيا، أثناء اجتماعه الأول في ميونيخ مع الرئيس الأوكراني، فولوديمير زيلينسكي، الذي حذر من أن فرصة بلاده للصمود بوجه الغزو الروسي ستكون ""ضئيلة"" بلا دعم أميركي.",الحرة - واشنطن,17 فبراير 2025,https://media.voltron.alhurra.com/Drupal/01live-106/2019-12/el-saha_0.png,آخر الأخبار- الرئيسية,https://www.alhurra.com/top-news/2025/02/17/%D8%A8%D8%B1%D9%8A%D8%B7%D8%A7%D9%86%D9%8A%D8%A7-%D8%AA%D8%A8%D8%AF%D9%8A-%D8%A7%D8%B3%D8%AA%D8%B9%D8%AF%D8%A7%D8%AF%D9%87%D8%A7-%D9%84%D8%A5%D8%B1%D8%B3%D8%A7%D9%84-%D9%82%D9%88%D8%A7%D8%AA-%D8%A3%D9%88%D9%83%D8%B1%D8%A7%D9%86%D9%8A%D8%A7
ترامب يقلل من أهمية فرض قيود أوروبية على واردات الغذاء الأميركية,"قلل الرئيس الأميركي دونالد ترامب، الأحد، من أهمية التقارير التي تتحدث عن سعي  الاتحاد الأوروبي  لحظر منتجات غذائية أميركية.
وفي تصريحات للصحفيين بعد حضوره سباق ""دايتونا 500"" في فلوريدا، أكد ترامب أن الولايات المتحدة ماضية في تنفيذ خططها بفرض تعريفات جمركية متبادلة.
وقال: ""لا بأس. دعهم يفعلون ذلك. إنهم يضرون أنفسهم فقط إن فعلوا ذلك"".
وتحدثت تقارير إعلامية بأن المفوضية الأوروبية ستبحث الأسبوع المقبل فرض قيود صارمة على استيراد بعض الأطعمة المنتجة بمعايير مختلفة، في خطوة تهدف إلى حماية المزارعين الأوروبيين، مستوحاة من سياسات ترامب التجارية.
وتشهد العلاقات التجارية بين الولايات المتحدة والاتحاد الأوروبي توترا متزايدا، لا سيما بعد قرار ترامب فرض رسوم جمركية بنسبة 25% على الصلب والألومنيوم اعتبارا من 12 مارس المقبل، مع تطبيق رسوم متبادلة في أبريل، بالإضافة إلى تعريفات منفصلة على السيارات والأدوية وأشباه الموصلات.
ومن المتوقع أن يزور مفوض التجارة الأوروبي ماروش شيفوفيتش واشنطن الاثنين لإجراء محادثات مع المسؤولين الأميركيين حول السياسات التجارية الجديدة، كما سيُلقي كلمة في معهد أميركان إنتربرايز، وهو مركز أبحاث مقرب من الحزب الجمهوري الذي ينتمي إليه ترامب.",الحرة - واشنطن,17 فبراير 2025,https://media.voltron.alhurra.com/Drupal/01live-106/2019-12/el-saha_0.png,أميركا,https://www.alhurra.com/usa/2025/02/17/%D8%AA%D8%B1%D8%A7%D9%85%D8%A8-%D9%8A%D9%82%D9%84%D9%84-%D8%A3%D9%87%D9%85%D9%8A%D8%A9-%D9%81%D8%B1%D8%B6-%D9%82%D9%8A%D9%88%D8%AF-%D8%A3%D9%88%D8%B1%D9%88%D8%A8%D9%8A%D8%A9-%D9%88%D8%A7%D8%B1%D8%AF%D8%A7%D8%AA-%D8%A7%D9%84%D8%BA%D8%B0%D8%A7%D8%A1-%D8%A7%D9%84%D8%A3%D9%85%D9%8A%D8%B1%D9%83%D9%8A%D8%A9
القوات الأميركية تقتل مسؤولا في جماعة تابعة لتنظيم القاعدة,"نفّذت القيادة المركزية الأميركية (سنتكوم)، الأحد، ضربة جوية وصفتها بـ""الدقيقة"" شمال غرب سوريا، استهدفت وقتلت مسؤولا بارزا في أحد أفرع تنظيم القاعدة.
ووفقا للقيادة، فإن الضربة استهدفت مسؤول الشؤون المالية واللوجستية في تنظيم حراس الدين، الفرع التابع لتنظيم القاعدة.
وتأتي هذه الضربة بحسب القيادة ""ضمن إطار التزامنا المستمر، جنبا إلى جنب مع شركائنا في المنطقة، لتعطيل وإضعاف جهود الإرهابيين في التخطيط والتنظيم وتنفيذ الهجمات ضد المدنيين والعسكريين من الولايات المتحدة وحلفائها وشركائها في المنطقة وخارجها"".
وقال الجنرال مايكل إريك كوريلا، قائد القيادة المركزية الأمريكية في بيان صحفي: ""سنواصل ملاحقة الإرهابيين بلا هوادة من أجل الدفاع عن وطننا، وعن أفراد القوات الأميركية وقوات الحلفاء والشركاء في المنطقة"".
قوات القيادة المركزية تقتل قيادياً بارزاً في تنظيم ""حراس الدين"" التابع للقاعدةفي 15 فبراير/ شباط، نفّذت قوات #القيادة_المركزية_الأمريكية (#سنتكوم) ضربة جوية دقيقة في شمال غرب #سورية، استهدفت وقتلت مسؤولاً بارزاً في الشؤون المالية واللوجستية في تنظيم حراس الدين،الفرع التابع… pic.twitter.com/22HcWiIgHI",الحرة - واشنطن,17 فبراير 2025,https://media.voltron.alhurra.com/Drupal/01live-106/2019-12/el-saha_0.png,آخر الأخبار- الرئيسية,https://www.alhurra.com/top-news/2025/02/17/%D8%A7%D9%84%D9%82%D9%88%D8%A7%D8%AA-%D8%A7%D9%84%D8%A3%D9%85%D9%8A%D8%B1%D9%83%D9%8A%D8%A9-%D8%AA%D9%82%D8%AA%D9%84-%D9%85%D8%B3%D8%A4%D9%88%D9%84%D8%A7-%D9%81%D9%8A-%D8%AC%D9%85%D8%A7%D8%B9%D8%A9-%D8%AA%D8%A7%D8%A8%D8%B9%D8%A9-%D9%84%D8%AA%D9%86%D8%B8%D9%8A%D9%85-%D8%A7%D9%84%D9%82%D8%A7%D8%B9%D8%AF%D8%A9
"ترامب يتحدث عن لقاء ""قريب جدا"" مع بوتين","قال الرئيس الأميركي دونالد ترامب، الأحد، إنه قد يلتقي مع الرئيس الروسي فلاديمير بوتين ""قريبا جدا"" لمناقشة سبل إنهاء الحرب في أوكرانيا.
وفي حديثه للصحفيين، أكد ترامب أنه يعمل بجد لتحقيق السلام، مشيرا إلى أنه يعتقد أن كلا من بوتين والرئيس الأوكراني فولوديمير زيلينسكي يرغبان في وقف القتال.
تأتي تصريحات ترامب في وقت تستعد الولايات المتحدة وروسيا لعقد محادثات أولية في السعودية خلال الأيام المقبلة، في إطار الجهود الدبلوماسية الرامية إلى إنهاء النزاع المستمر.
وقال مسؤولون أميركيون السبت، إن وزير الخارجية ماركو روبيو ومستشار الأمن القومي مايك والتز والمبعوث الخاص إلى الشرق الأوسط ستيف ويتكوف سيتوجهون إلى السعودية لحضور الاجتماع.
ومن المقرر أن يزور روبيو السعودية في إطار جولته الأولى إلى الشرق الأوسط، التي بدأت مع وصوله إلى إسرائيل مساء السبت.
يأتي ذلك بعد أيام فقط من إعلان ترامب تحدثه مع بوتين لأول مرة منذ عودته إلى منصبه، وأنهما اتفقا على بدء محادثات بشأن وقف إطلاق النار في أوكرانيا.
وأجرى روبيو السبت مكالمة هاتفية مع نظيره الروسي سيرغي لافروف، أكد خلالها ""التزام الرئيس ترامب بإيجاد حل للنزاع في أوكرانيا""، بحسب وزارة الخارجية الأميركية.",الحرة - واشنطن,17 فبراير 2025,https://media.voltron.alhurra.com/Drupal/01live-106/2019-12/el-saha_0.png,آخر الأخبار- الرئيسية,https://www.alhurra.com/top-news/2025/02/17/%D8%AA%D8%B1%D8%A7%D9%85%D8%A8-%D9%8A%D8%AA%D8%AD%D8%AF%D8%AB-%D9%84%D9%82%D8%A7%D8%A1-%D9%82%D8%B1%D9%8A%D8%A8-%D8%AC%D8%AF%D8%A7-%D9%85%D8%B9-%D8%A8%D9%88%D8%AA%D9%8A%D9%86
"تواصل أميركي إماراتي بشأن ""تعزيز الشراكة الدفاعية""","بحث وزير الدفاع الأميركي، بيت هيغسيث، مع نظيره الإماراتي، محمد بن مبارك المزروعي، تعزيز الشراكة الدفاعية والتعاون في مجال الصناعات العسكرية.
وذكر البنتاغون في بيان أن هيغسيث أجرى مكالمة تمهيدية مع المزروعي السبت، تبادلا فيها وجهات النظر حول القضايا الإقليمية، وأكدا على الشراكة الدفاعية بين البلدين.
وأعرب هيغسيث عن رغبته في مواصلة العمل مع الإمارات لمعالجة التحديات الأمنية في المنطقة والتنسيق بشأن الأولويات المشتركة، بما في ذلك التعاون في مجال الصناعات الدفاعية.
واتفق الطرفان على مواصلة التواصل خلال الأشهر المقبلة لتعزيز التعاون المشترك.",الحرة - واشنطن,17 فبراير 2025,https://media.voltron.alhurra.com/Drupal/01live-106/2019-12/el-saha_0.png,عربي ودولي,https://www.alhurra.com/arabic-and-international/2025/02/17/%D8%AA%D9%88%D8%A7%D8%B5%D9%84-%D8%A3%D9%85%D9%8A%D8%B1%D9%83%D9%8A-%D8%A5%D9%85%D8%A7%D8%B1%D8%A7%D8%AA%D9%8A-%D8%AA%D8%B9%D8%B2%D9%8A%D8%B2-%D8%A7%D9%84%D8%B4%D8%B1%D8%A7%D9%83%D8%A9-%D8%A7%D9%84%D8%AF%D9%81%D8%A7%D8%B9%D9%8A%D8%A9
"عواصف شتوية ""قاتلة"" تضرب الولايات المتحدة وتخلف تسعة قتلى","لقي تسعة أشخاص مصرعهم جراء موجة طقس قاسية ضربت الولايات المتحدة، بينهم ثمانية في ولاية كنتاكي.
وأدت الأمطار الغزيرة إلى فيضانات مفاجئة غمرت الطرق وأجبرت مئات السكان على الإجلاء.
وأعلن حاكم كنتاكي، آندي بشير، الأحد أن عمليات الإنقاذ أسفرت عن إنقاذ مئات العالقين، بينما وافق الرئيس دونالد ترامب على إعلان الولاية منطقة كوارث، مما يتيح لوكالة إدارة الطوارئ الفيدرالية تنسيق جهود الإغاثة.
وأوضح بشير أن العديد من الوفيات، بما في ذلك أم وطفلها البالغ من العمر سبع سنوات، نجمت عن احتجاز سياراتهم وسط المياه المرتفعة.
I’m heartbroken to share we’ve lost at least 8 people to this storm, each one a child of God who is loved by so many. Please join Britainy and me as we pray for these families. And remember, the severe weather continues. Let’s do everything we can to protect our people.
وفي أجزاء أخرى من البلاد، تسببت العواصف القوية بوفاة شخص في ولاية جورجيا بعد سقوط شجرة على منزله، بينما واجهت مناطق السهول الشمالية درجات حرارة شديدة البرودة وصلت إلى ما دون 50 درجة مئوية تحت الصفر.
كما شهدت ولاية تينيسي انهيار سد في بلدة ريفاس الصغيرة، مما أدى إلى فيضانات واسعة النطاق دفعت فرق الإطفاء إلى تنفيذ عمليات إنقاذ عاجلة.
وفي ولايات الغرب الأوسط والشمال الشرقي، استمرت التحذيرات من العواصف الثلجية مع توقعات بتساقط كثيف للثلوج في أجزاء من نيو إنغلاند وشمال نيويورك، في حين حذرت هيئة الأرصاد الجوية من موجة برد قطبية قادمة قد تكون الأشد هذا الموسم.
🚨#BREAKING: Absolutely horrifying news out of Kentucky.At least 3 people have passed away due to flash flooding. One of the victims was a 7 year old child.Please pray for Kentucky 🙏pic.twitter.com/fEA81K2PBm",الحرة - واشنطن,17 فبراير 2025,https://media.voltron.alhurra.com/Drupal/01live-106/2019-12/el-saha_0.png,آخر الأخبار- الرئيسية,https://www.alhurra.com/top-news/2025/02/17/%D8%B9%D9%88%D8%A7%D8%B5%D9%81-%D8%B4%D8%AA%D9%88%D9%8A%D8%A9-%D9%82%D8%A7%D8%AA%D9%84%D8%A9-%D8%AA%D8%B6%D8%B1%D8%A8-%D8%A7%D9%84%D9%88%D9%84%D8%A7%D9%8A%D8%A7%D8%AA-%D8%A7%D9%84%D9%85%D8%AA%D8%AD%D8%AF%D8%A9-%D9%88%D8%AA%D8%AE%D9%84%D9%81-%D8%AA%D8%B3%D8%B9%D8%A9-%D9%82%D8%AA%D9%84%D9%89
هزتان أرضيتان تضربان المناطق الحدودية بين العراق وإيران,"سجلت هيئة الأنواء الجوية العراقية، مساء الأحد، وقوع هزتين أرضيتين في المناطق الحدودية بين العراق وإيران، دون الإبلاغ عن خسائر بشرية أو مادية.
وذكرت الهيئة في بيان صحفي أن ""المراصد الزلزالية سجلت هزتين متتاليتين على بعد 90 كيلومترا من الحدود العراقية الإيرانية، حيث بلغت قوة الأولى 4.7 درجة على مقياس ريختر، فيما بلغت قوة الثانية 5.2 درجة"".
وأضافت أن ""بعض السكان في المناطق القريبة شعروا بالهزتين، دون تسجيل أي أضرار تذكر"".
يُذكر أن العراق يشهد بين الحين والآخر هزات أرضية متفاوتة القوة، نظرا لقربه من الصدع الزلزالي الممتد على طول الحدود الشرقية مع إيران.",الحرة - بغداد,17 فبراير 2025,https://media.voltron.alhurra.com/Drupal/01live-106/2019-12/el-saha_0.png,العراق,https://www.alhurra.com/iraq/2025/02/17/%D9%87%D8%B2%D8%AA%D8%A7%D9%86-%D8%A3%D8%B1%D8%B6%D9%8A%D8%AA%D8%A7%D9%86-%D8%AA%D8%B6%D8%B1%D8%A8%D8%A7%D9%86-%D8%A7%D9%84%D9%85%D9%86%D8%A7%D8%B7%D9%82-%D8%A7%D9%84%D8%AD%D8%AF%D9%88%D8%AF%D9%8A%D8%A9-%D8%A8%D9%8A%D9%86-%D8%A7%D9%84%D8%B9%D8%B1%D8%A7%D9%82-%D9%88%D8%A5%D9%8A%D8%B1%D8%A7%D9%86
"""المتمردون"" في الكونغو الديمقراطية يسيطرون على مدينة جديدة","دخلت قوات حركة ""إم23"" المتمردة، المدعومة من رواندا، الأحد، إلى وسط مدينة بوكافو شرق جمهورية الكونغو الديمقراطية.
وأدى تقدم الحركة إلى فرار آلاف المدنيين نحو بوروندي، حيث أكدت مصادر إنسانية ومسؤولون وصول أكثر من 10 آلاف لاجئ منذ مساء الجمعة.
تمثل السيطرة على بوكافو، وهي مدينة تضم مليون نسمة، تطورا استراتيجيا بعد استيلاء الحركة على غوما، عاصمة شمال كيفو، في يناير الماضي.
رغم الدعوات الدولية لوقف دعم رواندا للمتمردين، تنفي كيغالي أي وجود لقواتها في الكونغو.
وفي المدينة، استقبل بعض السكان قوات ""إم23"" بالتصفيق، بينما شهدت بوكافو أعمال نهب واسعة مع انسحاب الجيش الكونغولي.
في بيان لها، دعت ""إم23"" إلى تشكيل ""لجان يقظة"" لضمان الأمن وطالبت بانسحاب القوات البوروندية الداعمة للجيش الكونغولي.
من جهتها، قالت حكومة الكونغو الديموقراطية في بيان إنها تتابع التطورات في بوكافو ""ساعة بساعة""، واتهمت رواندا ""بوضع خطط للاحتلال والنهب"" في شرق البلاد.
وقال مفوض السلم والأمن في الاتحاد الأفريقي بانكول أديويي الأحد للصحفيين: ""لا نريد تقسيم شرق جمهورية الكونغو الديموقراطية"".
وشدد أديويي على ضرورة احترام ""سيادة جمهورية الكونغو الديموقراطية ووحدتها السياسية وسلامة أراضيها"".",الحرة - واشنطن,17 فبراير 2025,https://media.voltron.alhurra.com/Drupal/01live-106/2019-12/el-saha_0.png,عربي ودولي,https://www.alhurra.com/arabic-and-international/2025/02/17/%D8%A7%D9%84%D9%85%D8%AA%D9%85%D8%B1%D8%AF%D9%88%D9%86-%D9%81%D9%8A-%D8%A7%D9%84%D9%83%D9%88%D9%86%D8%BA%D9%88-%D8%A7%D9%84%D8%AF%D9%8A%D9%85%D9%82%D8%B1%D8%A7%D8%B7%D9%8A%D8%A9-%D9%8A%D8%B3%D9%8A%D8%B7%D8%B1%D9%88%D9%86-%D9%85%D8%AF%D9%8A%D9%86%D8%A9-%D8%AC%D8%AF%D9%8A%D8%AF%D8%A9
"زيلنسكي يبحث عن استعادة أسرى و""برنامج إنساني واسع النطاق"" في الإمارات","حل الرئيس الأوكراني فولوديمير زيلينسكي الأحد بالإمارات في زيارة رسمية قبل قمة متوقعة بين الرئيس الأميركي دونالد ترامب ونظيره الروسي فلاديمير بوتين.
وقال زيلينسكي عبر حسابه بإكس إن ""الأولوية القصوى"" للزيارة هي ""إعادة المزيد من أبناء شعبنا من الأسر"".
Official visit to the United Arab Emirates together with the First Lady @ZelenskaUA.Our top priority is bringing even more of our people home from captivity.We will also focus on investments and economic partnership, as well as a large-scale humanitarian program. pic.twitter.com/rlVBT38TIV
— Volodymyr Zelenskyy / Володимир Зеленський (@ZelenskyyUa) February 16, 2025
وأضاف ""سنركز أيضًا على الاستثمارات والشراكة الاقتصادية، بالإضافة إلى برنامج إنساني واسع النطاق"".
يأتي ذلك بعدما أعلن الرئيس الأميركي دونالد ترامب، الأربعاء، إنه سيلتقي نظيره الروسي فلاديمير بوتين في السعودية بغرض إجراء مباحثات لإنهاء الحرب في أوكرانيا.
وكان الرئيس الأوكراني فولوديمير زيلينسكي قال، السبت، إنه سيكون ""أمرا خطيرا"" إذا التقى ترامب وبوتين قبل اجتماعه معه.
وصرح بأن كييف ""لن تقبل أبدا أي اتفاقيات سلام يجري التوصل إليها دون علمها أو مشاركتها"".",الحرة - واشنطن,16 فبراير 2025,https://media.voltron.alhurra.com/Drupal/01live-106/2019-12/el-saha_0.png,الإمارات,https://www.alhurra.com/uae/2025/02/16/%D8%B2%D9%8A%D9%84%D9%86%D8%B3%D9%83%D9%8A-%D9%8A%D8%A8%D8%AD%D8%AB-%D8%A7%D8%B3%D8%AA%D8%B9%D8%A7%D8%AF%D8%A9-%D8%A3%D8%B3%D8%B1%D9%89-%D9%88%D8%A8%D8%B1%D9%86%D8%A7%D9%85%D8%AC-%D8%A5%D9%86%D8%B3%D8%A7%D9%86%D9%8A-%D9%88%D8%A7%D8%B3%D8%B9-%D8%A7%D9%84%D9%86%D8%B7%D8%A7%D9%82-%D9%81%D9%8A-%D8%A7%D9%84%D8%A5%D9%85%D8%A7%D8%B1%D8%A7%D8%AA
بعد مقترحات ترامب.. مكالمة بين بن سلمان وماكرون حول غزة وسوريا وحرب أوكرانيا,"كشف الرئيس الفرنسي اليوم الأحد تفاصيل مكالمة هاتفية أجراها مع ولي العهد السعودي الأمير محمد بن سلمان لـ""بحث الأوضاع في منطقة الشرق الأدنى والشرق الأوسط"".
وقال ماركون إنه ناقش مع بن سلمان الوضع في غزة و""التنفيذ الكامل لاتفاق وقف إطلاق النار في لبنان، بما في ذلك الانسحاب التام لإسرائيل"".
This afternoon, I spoke on the phone with Saudi Arabia’s Crown Prince Mohammed bin Salman to review the situation in the Near and Middle East.Regarding the situation in Gaza, I commended Saudi Arabia’s efforts alongside the Arab League—work that France will support…
— Emmanuel Macron (@EmmanuelMacron) February 16, 2025
كما تحدث الطرفان، وفق المصدر، عن الوضع في سوريا، قائلا ""تابعنا نتائج مؤتمر باريس بشأن سوريا، الذي مثّل لحظة مهمة للأمل والالتزام، حيث أكدنا دعمنا وتوقعاتنا من السلطات الانتقالية والشعب السوري"".
وأضاف أنه تحدث مع بن سلمان أيضا عن حرب روسيا في أوكرانيا، و""الدور الذي يمكن أن تلعبه السعودية في تعزيز سلام قوي ودائم، مع وجود الأوروبيين في قلب هذه العملية"".
يأتي ذلك بعدما أعلن الرئيس الأميركي دونالد ترامب، الأربعاء، إنه سيلتقي نظيره الروسي فلاديمير بوتين في السعودية بغرض إجراء مباحثات لإنهاء الحرب في أوكرانيا.
وأبدت وزارة الخارجية السعودية في بيان الجمعة ترحيب الرياض بعقد القمة بين ترامب وبوتين في المملكة مؤكدة ""استمرارها في بذل جهودها لتحقيق سلام دائم بين روسيا وأوكرانيا"".
كما تأتي المحادثة بعد تصريح سابق من الرئيس الأميركي دونالد ترامب قال فيه إن السعودية ""لا تطالب بدولة فلسطينية مقابل اتفاق سلام مع إسرائيل"".",الحرة - واشنطن,16 فبراير 2025,https://media.voltron.alhurra.com/Drupal/01live-106/2019-12/el-saha_0.png,السعودية,https://www.alhurra.com/saudi-arabia/2025/02/16/%D9%85%D9%82%D8%AA%D8%B1%D8%AD%D8%A7%D8%AA-%D8%AA%D8%B1%D8%A7%D9%85%D8%A8-%D9%85%D9%83%D8%A7%D9%84%D9%85%D8%A9-%D8%A8%D9%8A%D9%86-%D8%A8%D9%86-%D8%B3%D9%84%D9%85%D8%A7%D9%86-%D9%88%D9%85%D8%A7%D9%83%D8%B1%D9%88%D9%86-%D8%BA%D8%B2%D8%A9-%D9%88%D8%B3%D9%88%D8%B1%D9%8A%D8%A7-%D9%88%D8%AD%D8%B1%D8%A8-%D8%A3%D9%88%D9%83%D8%B1%D8%A7%D9%86%D9%8A%D8%A7
"بها ""مسيرات انتحارية"".. خفر السواحل اليمني يضبط شحنة أسلحة إيرانية","أعلنت القيادة الأميركية الوسطى ""سينتكوم"" الأحد أن قوات خفر السواحل التابعة للحكومة اليمنية اعترضت قبل أيام شحنة أسلحة إيرانية كانت متجهة إلى ميليشيات حوثية.
وقالت القيادة الأميركية ""تهانينا لخفر السواحل التابع للحكومة الشرعية في اليمن على اعتراضهم لمكونات أسلحة إيرانية متقدمة، وطائرات مسيّرة، ومعدات اتصالات كانت متجهة إلى الميليشيات الحوثية المدعومة من إيران"".
Congratulations to the Coast Guard of the legitimate government of Yemen on their interdiction of Iranian advanced weapon components, drones, and communications gear that was destined for the Iranian backed Houthi terrorists.On February 12, the Yemen Coast Guard interdicted a… pic.twitter.com/iH88Fz4fAP
— U.S. Central Command (@CENTCOM) February 16, 2025
وكشفت أن عملية الافتراض تمت يوم الأربعاء الماضي، موضحة أن شحنة الأسلحة القادمة من إيران كانت منقولة على متن زورق شراعي في جنوب البحر الأحمر قبل يعترضها الخفر اليمني.
وحجز الخفر خلال العمليات معدات عسكرية بما في ذلك هياكل صواريخ ""كروز""، ومحركات نفاثة تُستخدم في صواريخ ""كروز"" و""طائرات مسيّرة انتحارية""، فضلا عن طائرات استطلاع مسيّرة.
كما تم حجز رادارات بحرية، ونظام تشويش حديث، ونظام اتصالات لا سلكي متقدم.",الحرة - واشنطن,16 فبراير 2025,https://media.voltron.alhurra.com/Drupal/01live-106/2019-12/el-saha_0.png,اليمن,https://www.alhurra.com/yemen/2025/02/16/%D8%A8%D9%87%D8%A7-%D9%85%D8%B3%D9%8A%D8%B1%D8%A7%D8%AA-%D8%A7%D9%86%D8%AA%D8%AD%D8%A7%D8%B1%D9%8A%D8%A9-%D8%AE%D9%81%D8%B1-%D8%A7%D9%84%D8%B3%D9%88%D8%A7%D8%AD%D9%84-%D8%A7%D9%84%D9%8A%D9%85%D9%86%D9%8A-%D9%8A%D8%B6%D8%A8%D8%B7-%D8%B4%D8%AD%D9%86%D8%A9-%D8%A3%D8%B3%D9%84%D8%AD%D8%A9-%D8%A5%D9%8A%D8%B1%D8%A7%D9%86%D9%8A%D8%A9
عاهل الأردن والملكة رانيا ينشران صور حفيدتهما الجديدة,"أعلن الديوان الملكي الأردني الأحد عن ولادة الأميرة إيمان، الابنة الكبرى للعاهل الأردني لملك عبد الله الثاني والملكة رانيا العبد الله.
وكتب العاهل الأردني في إكس ""أبارك لغاليتي إيمان والعزيز جميل بمولودتهما أمينة"".
أبارك لغاليتي إيمان والعزيز جميل بمولودتهما أمينة. نحمد الله على نعمه التي لا تعد ولا تحصى، ونسأله تعالى أن يحفظها ويجعلها من الصالحينالله يحماك جدو pic.twitter.com/jPetOPy6hD
— عبدالله بن الحسين (@KingAbdullahII) February 16, 2025
كما نشرت الملكة رانيا تدوينة جاء فيها ""إيمان ريحانة الدار صارت أم.. الحمد لله زادت بركة البيت وفرحتنا بالغالية أمينة قد الدنيا. مبارك جميل وإيمان والحمد لله على سلامتك حبيبتي"".
A post shared by Queen Rania Al Abdullah (@queenrania)
يُذكر أن الأميرة إيمان هي أول ابنة للعاهل الأردني.",الحرة - واشنطن,16 فبراير 2025,https://media.voltron.alhurra.com/Drupal/01live-106/2019-12/el-saha_0.png,الأردن,https://www.alhurra.com/jordan/2025/02/16/%D8%B9%D8%A7%D9%87%D9%84-%D8%A7%D9%84%D8%A3%D8%B1%D8%AF%D9%86-%D9%88%D8%A7%D9%84%D9%85%D9%84%D9%83%D8%A9-%D8%B1%D8%A7%D9%86%D9%8A%D8%A7-%D9%8A%D9%86%D8%B4%D8%B1%D8%A7%D9%86-%D8%B5%D9%88%D8%B1-%D8%AD%D9%81%D9%8A%D8%AF%D8%AA%D9%87%D9%85%D8%A7-%D8%A7%D9%84%D8%AC%D8%AF%D9%8A%D8%AF%D8%A9
اتهامات متبادلة بين مغاربة وجزائريين بسبب إشاعة عن الملك محمد السادس,"نفت جريدة ""هسبريس"" المغربية السبت إشاعة عن الملك محمد السادس اتهمت ما وصفتها بـ""جهات معادية للمغرب"" بنشرها.

وقالت ""يتواصل مسلسل إقحام جريدة هسبريس الإلكترونية في ترويج أخبار زائفة لا أساس لها من الصحة عبر منصات التواصل الاجتماعي، باستغلال الهوية البصرية للجريدة"".
وأوضحت أن ""جهات معادية للمغرب"" بنشر ""الخبر الزائف"" الذي ""يستهدف مؤسسة دستورية"".
وزعمت حسابات جزائرية على السوشل ميديا بأن الصحيفة المغربية المذكورة ""نشرت خبر وفاة الملك محمد السادس ثم حذفته بعد دقائق""، وهو ما نفاه مسؤولو التحرير في الجريدة موضحين أن الصورة المتداولة مفبركة.
وأجج الموضوع الخلافات بين جزائريين ومغاربة على السوشل ميديا.",أصوات مغاربية - واشنطن,16 فبراير 2025,https://media.voltron.alhurra.com/Drupal/01live-106/2019-12/el-saha_0.png,أصوات مغاربية,https://www.alhurra.com/maghreb-voices/2025/02/16/%D8%A7%D8%AA%D9%87%D8%A7%D9%85%D8%A7%D8%AA-%D9%85%D8%AA%D8%A8%D8%A7%D8%AF%D9%84%D8%A9-%D8%A8%D9%8A%D9%86-%D9%85%D8%BA%D8%A7%D8%B1%D8%A8%D8%A9-%D9%88%D8%AC%D8%B2%D8%A7%D8%A6%D8%B1%D9%8A%D9%8A%D9%86-%D8%A8%D8%B3%D8%A8%D8%A8-%D8%A5%D8%B4%D8%A7%D8%B9%D8%A9-%D8%A7%D9%84%D9%85%D9%84%D9%83-%D9%85%D8%AD%D9%85%D8%AF-%D8%A7%D9%84%D8%B3%D8%A7%D8%AF%D8%B3
"قمة أوروبية استثنائية ""مصغرة"" مرتقبة حول أوكرانيا","أكد مصدر مسؤول في الاتحاد الأوروبي لـ""الحرة"" أن القمة الأوروبية الاستثنائية المصغرة، التي دعا إليها الرئيس الفرنسي إيمانويل ماكرون، بشأن قضية بينها حرب أوكرانيا، ستعقد غدا الاثنين في باريس.
وقال المصدر الذي فضل عدم الكشف عن هويته ""نحن الآن في وضع يتيح لنا تأكيد مشاركة رئيسة المفوضية الأوروبية أورسولا فون دير لاين في اجتماع الغد في باريس"".
وأضاف ""لقد سعى الرئيس الفرنسي إيمانويل ماكرون إلى بدء مشاورات بين القادة الأوروبيين بشأن الوضع في أوكرانيا وقضايا الأمن في أوروبا"".
وقال إن ماكرون ""سيترأس اجتماعًا غير رسمي بعد ظهر يوم الاثنين 17 فبراير، بمشاركة رؤساء حكومات ألمانيا، المملكة المتحدة، إيطاليا، بولندا، إسبانيا، هولندا، والدنمارك، إضافة إلى انتونيو كوستا رئيس المجلس الأوروبي، ورئيسة المفوضية الأوروبية اورسولا فون دير لاين ، والأمين العام لحلف الناتو مارك روته"".
ولم يستبعد المسؤول الأوروبي بأن تستمر مناقشات القادة الأوروبيين ""في صيغ أخرى""، بهدف جمع جميع الشركاء المهتمين بالسلام والأمن في أوروبا.
وكان وزير الخارجية الفرنسي جان نويل بارو قد أكد اليوم الأحد إن الرئيس الفرنسي سيدعو زعماء أوروبيين لحضور قمة في باريس يوم غد الاثنين.
وقال بارو لفرانس إنتر إن ""الدول الأوروبية الرئيسية ستجتمع يوم الاثنين في العاصمة الفرنسية لمناقشة الأمن الأوروبي. وأصر على أن مثل هذه الاجتماعات تعقد بشكل متكرر وأنه لا ينبغي تضخيمها"".
ولم يذكر بارو تفاصيل أو يذكر القادة الذين تمت دعوتهم إلى الاجتماع الذي تم الإعلان عنه في وقت قصير.",شهدي الكاشف – بروكسل,16 فبراير 2025,https://media.voltron.alhurra.com/Drupal/01live-106/2019-12/el-saha_0.png,عربي ودولي,https://www.alhurra.com/arabic-and-international/2025/02/16/%D9%82%D9%85%D8%A9-%D8%A3%D9%88%D8%B1%D9%88%D8%A8%D9%8A%D8%A9-%D8%A7%D8%B3%D8%AA%D8%AB%D9%86%D8%A7%D8%A6%D9%8A%D8%A9-%D9%85%D8%B5%D8%BA%D8%B1%D8%A9-%D9%85%D8%B1%D8%AA%D9%82%D8%A8%D8%A9-%D8%A3%D9%88%D9%83%D8%B1%D8%A7%D9%86%D9%8A%D8%A7
صلاح يقود ليفربول لفوز يعزز صدارته للدوري الإنكليزي,"عزز ليفربول صدارته للدوري الإنكليزي الممتاز لكرة القدم ليتقدم بفارق سبع نقاط عن أقرب منافسيه بعد فوز أصعب من المتوقع 2-1 على ضيفه المتواضع ولفرهامبتون واندرارز بفضل ثنائية لويس دياز ومحمد صلاح اليوم الأحد.
وبدا فريق المدرب أرنه سلوت في طريقه للفوز 2-صفر بعد هدف دياز في الدقيقة 15 وتسببه في ركلة جزاء في وقت لاحق من الشوط الأول نفذها صلاح شريكه في الهجوم ببراعة ليحرز هدفه 23 ويعزز صدارته لهدافي الدوري الممتاز.
لكن ولفرهامبتون، الذي يقاتل بشراسة بالقرب من مؤخرة ترتيب الدوري، أثار قلق ليفربول قليلا وعاقبه على أدائه المتواضع في الشوط الثاني عندما أطلق البرازيلي ماتيوس كونيا تسديدة رائعة من عند حدود منطقة الجزاء بعيدة عن متناول مواطنه أليسون حارس ليفربول في الدقيقة 67.
وفي نهاية متوترة على ملعب أنفيلد، نجح ليفربول في الحفاظ على الفوز ليرفع رصيده إلى 60 نقطة من 25 مباراة ويواصل مسيرته نحو الفوز بلقب الدوري متقدما بفارق سبع نقاط عن أرسنال صاحب المركز الثاني. ويتبقى لكل منهما 13 مباراة.
وقال أندي روبرتسون مدافع ليفربول ""لقد تمكنا من الأداء بقوة. الشوط الثاني كان صعبا للغاية... الجميع توتر. لكنه كان انتصارا مهما لنا ومباراة أخرى انتهت"".
وظل رصيد ولفرهامبتون 19 نقطة في المركز 17 متقدما بفارق نقطتين عن منطقة الهبوط.
ورغم أن ليفربول كان بعيدا عن أفضل مستوياته، خاصة في الشوط الثاني المتوتر، كان الانتصار بمثابة راحة كبيرة للفريق بعد أسبوع من العثرات غير المعتادة بينها الخسارة في كأس الاتحاد الإنجليزي أمام بليموث المنافس في الدرجة الثانية وتعادل إيفرتون معه في اللحظات الأخيرة من مباراتهما بالدوري.
وقال فيرجيل فان دايك قائد ليفربول ""نود السيطرة على 90 دقيقة من المباراة لكنه الدوري الإنجليزي الممتاز ويمكن لولفرهامبتون أن يعاقبك ويصنع لك لحظات خطيرة. هذا يعني الكثير، لقد واصلنا القتال واللعب واقتنصنا الثلاث نقاط.",رويترز,16 فبراير 2025,https://media.voltron.alhurra.com/Drupal/01live-106/2019-12/el-saha_0.png,رياضة,https://www.alhurra.com/sport/2025/02/16/%D8%B5%D9%84%D8%A7%D8%AD-%D9%8A%D9%82%D9%88%D8%AF-%D9%84%D9%8A%D9%81%D8%B1%D8%A8%D9%88%D9%84-%D9%84%D9%81%D9%88%D8%B2-%D9%8A%D8%B9%D8%B2%D8%B2-%D8%B5%D8%AF%D8%A7%D8%B1%D8%AA%D9%87-%D9%84%D9%84%D8%AF%D9%88%D8%B1%D9%8A-%D8%A7%D9%84%D8%A5%D9%86%D9%83%D9%84%D9%8A%D8%B2%D9%8A
"تخترق الفولاذ.. ماذا نعرف عن قنابل ""إم.كي 84"" الأميركية التي تسلمتها إسرائيل؟","كشفت وزارة الدفاع الإسرائيلية، الأحد، وصول شحنة قنابل ""MK-84"" من الولايات المتحدة، قرر الرئيس الأميركي دونالد ترامب إرسالها بعدما علقتها إدارة الرئيس السابق جو بايدن العام الماضي.
وأفادت الوزارة بأن السفينة التي تحمل تلك القنابل وصلت إلى ميناء أشدود، وتم تفريغ حمولتها على عشرات الشاحنات التابعة لوحدات النقل في الجيش الإسرائيلي، ونقلها إلى قواعد سلاح الجو.
فماذا نعرف عن هذه القنابل؟
تُعد قنابل MK-84، المعروفة أيضًا بـBLU-117، من أبرز القنابل غير الموجهة في الترسانة العسكرية الأميركية.
تزن القنبلة الواحدة حوالي 907 كيلوغرامات، وتُعتبر الأكبر ضمن سلسلة قنابل Mark 80.
بدأ الجيش الأميركي في استعمال هذه القنابل خلال حرب فيتنام، وأصبحت منذ ذلك الحين عنصرًا أساسيًا في العمليات الجوية الأميركية.
وتتميز MK-84 بهيكل انسيابي مصنوع من الفولاذ، ومُعبأة بحوالي 429 كيلوغراما من المتفجرات عالية القوة.
وعند إسقاطها، يمكن للقنبلة إحداث حفرة بقطر 15 مترًا وعمق يصل إلى 11 مترًا. كما تستطيع اختراق ما يصل إلى حوالي 38 سنتيمترًا من المعدن أو حوالي 3.35 أمتار من الخرسانة المسلحة، مما يجعلها فعّالة ضد الأهداف المحصنة.
ومع تطور التقنيات العسكرية، تم تزويد العديد من قنابل MK-84 بأنظمة توجيه دقيقة، مما حولها إلى ذخائر موجهة مثل GBU-10 Paveway II وGBU-31 JDAM. هذه التطويرات زادت من دقة القنبلة وفعاليتها في إصابة الأهداف المحددة.",الحرة - واشنطن,16 فبراير 2025,https://media.voltron.alhurra.com/Drupal/01live-106/2019-12/el-saha_0.png,إسرائيل,https://www.alhurra.com/israel/2025/02/16/%D8%AA%D8%AE%D8%AA%D8%B1%D9%82-%D8%A7%D9%84%D9%81%D9%88%D9%84%D8%A7%D8%B0-%D9%86%D8%B9%D8%B1%D9%81-%D9%82%D9%86%D8%A7%D8%A8%D9%84-%D8%A5%D9%85%D9%83%D9%8A-84-%D8%A7%D9%84%D8%A3%D9%85%D9%8A%D8%B1%D9%83%D9%8A%D8%A9-%D8%AA%D8%B3%D9%84%D9%85%D8%AA%D9%87%D8%A7-%D8%A5%D8%B3%D8%B1%D8%A7%D8%A6%D9%8A%D9%84%D8%9F
وفد إسرائيلي إلى مصر لبحث استمرار تنفيذ اتفاق غزة,"طلب رئيس الوزراء الإسرائيلي بنيامين نتانياهو، الأحد، من الوفد الذي يتفاوض بشأن تنفيذ اتفاق وقف إطلاق النار في غزة بالتوجه غداً الاثنين إلى القاهرة لبحث استمرار تنفيذ المرحلة الأولى من الاتفاق.
وأفاد بيان لمكتب نتانياهو بأن الوفد سيزور القاهرة بالتنسيق مع المبعوث الخاص للرئيس الأميركي إلى الشرق الأوسط ستيف ويتكوف.
وأشار إلى أنه ""بعد مناقشة المجلس الوزاري للشؤون السياسية والأمنية – الكابينيت المقررة غداً، سيتلقى الفريق التعليمات لمواصلة المفاوضات بشأن قضايا المرحلة الثانية"".
والأحد، تحدث رئيس الوزراء الإسرائيلي ويتكوف. وأبلغ نتانياهو ويتكوف، وفق بيان، أبلغ بأنه سيعقد غداً اجتماعاً للمجلس الوزاري للشؤون السياسية والأمنية – الكابينيت، ​​لمناقشة المرحلة الثانية من الاتفاق.
واليوم أيضا، كشف المبعوث الأميركي للشرق الأوسط عن إجراء محادثات شملت مسؤولين إسرائيليين وقطريين ومصريين بشأن اتفاق وقف إطلاق النار في غزة.",محمد الصياد - القدس,16 فبراير 2025,https://media.voltron.alhurra.com/Drupal/01live-106/2019-12/el-saha_0.png,إسرائيل,https://www.alhurra.com/israel/2025/02/16/%D9%88%D9%81%D8%AF-%D8%A5%D8%B3%D8%B1%D8%A7%D8%A6%D9%8A%D9%84%D9%8A-%D9%85%D8%B5%D8%B1-%D9%84%D8%A8%D8%AD%D8%AB-%D8%A7%D8%B3%D8%AA%D9%85%D8%B1%D8%A7%D8%B1-%D8%AA%D9%86%D9%81%D9%8A%D8%B0-%D8%A7%D8%AA%D9%81%D8%A7%D9%82-%D8%BA%D8%B2%D8%A9
"بعد ""ميستر بيست"".. نجم شهير في أهرامات مصر لجلسة تصوير","أياما بعد زيارة اليوتيوبر الأميركي الشهير ""ميستر بيست"" للأهرامات بمصر، أشعلت زيارة نجم آخر للمكان السوشل ميديا في البلد.

A post shared by Experience Egypt (@experienceegypt)
يتعلق الأمر بالممثل التركي المعروف جان يامان الذي نُشرت الأحد صور له يزور مصر ويستكشف أهرامات الجيزة.
ويُعرف يامان بأدواره البارزة في مسلسلات مثل ""الطائر المبكر"" و""السيد الخطأ""، واكتسب بفضل أدواره شعبية كبيرة في دول الشرق الأوسط وشمال أفريقيا وبقية بلدان العالم.
وقالت تقارير إعلامية عن يامان حل بمصر لتصوير إعلان دعائي لشركة معروفة في مجال المواد الغذائية ينتظر أن يعرض في رمضان المقبل.",الحرة - واشنطن,16 فبراير 2025,https://media.voltron.alhurra.com/Drupal/01live-106/2019-12/el-saha_0.png,منوعات,https://www.alhurra.com/varieties/2025/02/16/%D9%85%D9%8A%D8%B3%D8%AA%D8%B1-%D8%A8%D9%8A%D8%B3%D8%AA-%D9%86%D8%AC%D9%85-%D8%B4%D9%87%D9%8A%D8%B1-%D9%81%D9%8A-%D8%A3%D9%87%D8%B1%D8%A7%D9%85%D8%A7%D8%AA-%D9%85%D8%B5%D8%B1-%D9%84%D8%AC%D9%84%D8%B3%D8%A9-%D8%AA%D8%B5%D9%88%D9%8A%D8%B1
شملت لواءً حارب العراق.. الكويت تُجري أكبر عملية سحب جنسية بتاريخها,"في خطوة غير مسبوقة، أصدرت السلطات الكويتية، السبت، قرارات بسحب وإسقاط الجنسية عن 9464 شخصا، بينهم 9418 امرأة، إضافة إلى من اكتسبها معهن عن طريق التبعية، في خطوة هي الأكبر من نوعها بتاريخ البلد.
وتزامنا مع الخطوة، قرر سلطات البلد اعتماد إجراءات تهدف، في المقابل، إلى ""تسهيل أوضاع زوجات الكويتيين الأجنبيات"" اللاتي شملهن القرار.
وشملت القرار مسؤولا عسكريا متهم في الكويت بالتزوير للحصول على الجنسية.
ويتعلق الأمر باللواء الركن خالد مضحي الشمري، وهو شخصية عسكرية بارزة في الكويت، شغل منصب معاون رئيس الأركان لهيئة الإدارة والقوة البشرية في وزارة الدفاع الكويتية.
كما برز دوره خلال حرب الكويت والعراق في العام 1990.
رسميًا: تم سحب #الجنسية_الكويتية من اللواء الركن خالد مضحي الشمري بعد ثبوت تزويره، وذلك وفقًا للقانون.من غير المفهوم كيف تمكن بعض الأفراد من الوصول إلى مناصب حساسة في الدولة رغم ارتكابهم التزوير. لذلك، يجب التدقيق في الآليات المتبعة عند منح المناصب العليا.#فهد_اليوسف#مرسوم pic.twitter.com/zK3VC9532u
— الشيخ فهد اليوسف الصباح (@Fahad_Alyoussef) February 15, 2025
وأعلن النائب الأول لرئيس مجلس الوزراء ووزير الداخلية، فهد يوسف سعود الصباح، أن الإجراءات تشمل صرف أرباح المساهمات بالجمعيات التعاونية للمسحوبة جنسياتهن، واستمرار صرف المعاشات التقاعدية لهن في موعدها المحدد.
كما تمدد الإجراءات صلاحية الرخص التجارية لمن سحبت منهن الجنسية، بشرط ""عدم وجود قيد أمني""، وتحديد الحد الأقصى لملكية الشركة الجديدة لهذه الفئة بـ 49 في المئة.
من جانبها، ليوسف يوجه بضرورة الإسراع في معالجة أوضاع معالجة أوضاع المسحوبة جنسياتهن.",الحرة - واشنطن,16 فبراير 2025,https://media.voltron.alhurra.com/Drupal/01live-106/2019-12/el-saha_0.png,الكويت,https://www.alhurra.com/kuwait/2025/02/16/%D8%B4%D9%85%D9%84%D8%AA-%D9%84%D9%88%D8%A7%D8%A1%D9%8B-%D8%AD%D8%A7%D8%B1%D8%A8-%D8%A7%D9%84%D8%B9%D8%B1%D8%A7%D9%82-%D8%A7%D9%84%D9%83%D9%88%D9%8A%D8%AA-%D8%AA%D9%8F%D8%AC%D8%B1%D9%8A-%D8%A3%D9%83%D8%A8%D8%B1-%D8%B9%D9%85%D9%84%D9%8A%D8%A9-%D8%B3%D8%AD%D8%A8-%D8%AC%D9%86%D8%B3%D9%8A%D8%A9-%D8%A8%D8%AA%D8%A7%D8%B1%D9%8A%D8%AE%D9%87%D8%A7
"العاهل الأردني يكرر موقفه بشأن ""تهجير الفلسطينيين""","قال الديوان الملكي الأردني، في بيان الأحد، إن الملك عبد الله ""جدد التأكيد على رفض الأردن لأية محاولات لضم الأراضي وتهجير الفلسطينيين في غزة والضفة الغربية""، وفقا لما نقلته وكالة بترا الأردنية للأنباء.
ودعا الملك، خلال استقباله الأحد، وفدا من الكونغرس الأميركي برئاسة عضو مجلس الشيوخ السناتور ريتشارد بلومنتال، إلى ""ضمان استدامة وقف إطلاق النار في غزة، وتعزيز الاستجابة الإنسانية الدولية"".
وأكد الملك بحسب البيان أن ""تحقيق السلام العادل والشامل على أساس حل الدولتين هو السبيل الوحيد لضمان أمن الإقليم واستقراره""، مشيرا إلى ""الدور المحوري للولايات المتحدة في دعم جهود السلام"".
كذلك، أكد ""أهمية الشراكة الاستراتيجية بين الأردن والولايات المتحدة، والحرص على تعزيزها في المجالات كافة"".
والثلاثاء الماضي، التقى العاهل الأردني الرئيس الأميركي دونالد ترامب في البيت الأبيض.
واقترح ترامب أن تأخذ الولايات المتحدة زمام الأمور في غزة وتقوم بترحيل سكانها الفلسطينيين إلى بلدان أخرى خصوصا مصر والأردن، على أن تعيد بناء القطاع المدمر وتحوله إلى ""ريفييرا الشرق الأوسط"".
وأثارت هذه التصريحات ردود فعل عالمية غاضبة ودانتها دول عربية.",الحرة - واشنطن,16 فبراير 2025,https://media.voltron.alhurra.com/Drupal/01live-106/2019-12/el-saha_0.png,الأردن,https://www.alhurra.com/jordan/2025/02/16/%D8%A7%D9%84%D8%B9%D8%A7%D9%87%D9%84-%D8%A7%D9%84%D8%A3%D8%B1%D8%AF%D9%86%D9%8A-%D9%8A%D9%83%D8%B1%D8%B1-%D9%85%D9%88%D9%82%D9%81%D9%87-%D8%AA%D9%87%D8%AC%D9%8A%D8%B1-%D8%A7%D9%84%D9%81%D9%84%D8%B3%D8%B7%D9%8A%D9%86%D9%8A%D9%8A%D9%86
"رد رسمي على دعوات إعلان ""حكومة منفى"" في السودان","علقت السلطات السودانية على إعلان قوى سياسية ومدنية معارضة تشكيل ""حكومة منفى"" في المناطق التي تسيطر عليها قوات الدعم السريع.
وقال حاكم إقليم دارفور، مني أركو مناوي، ردا على سؤال لمراسل ""الحرة""، إن ""مجرد سيطرة طرف على أي مكان، يعني أنه كون فيها حكومة أمر واقع"".

وظلت دعوات إعلان ""حكومة منفى"" يقودها سياسيون سوادنيون في الخارج تتردد عقب اندلاع الحرب في السودان.
وأضاف أنه ""في حال إعلان تلك الجهات لحكومة في نيروبي أو غيرها، فإن ذلك لا يزيد شيئا""، معتبرا أن المناطق التي تسيطر عليها قوات الدعم السريع هي ""مناطق محتلة تمارس فيها الانتهاكات ضد المدنيين"".
وقال إن ""الحكومة ذاهبة لاستعادة السيطرة عليها لبسط هيبة الدولة وتوفير الأمن والاستقرار"".
ومنذ أبريل 2023، يخوض الجيش السوداني بقيادة عبد الفتاح البرهان و""قوات الدعم السريع"" بقيادة محمد حمدان دقلو ""حميدتي"" حربا خلفت آلاف القتلى والجرحى وملايين النازحين.",الحرة / خاص,16 فبراير 2025,https://media.voltron.alhurra.com/Drupal/01live-106/2019-12/el-saha_0.png,السودان,https://www.alhurra.com/sudan/2025/02/16/%D8%B1%D8%AF-%D8%B1%D8%B3%D9%85%D9%8A-%D8%AF%D8%B9%D9%88%D8%A7%D8%AA-%D8%A5%D8%B9%D9%84%D8%A7%D9%86-%D8%AD%D9%83%D9%88%D9%85%D8%A9-%D9%85%D9%86%D9%81%D9%89-%D9%81%D9%8A-%D8%A7%D9%84%D8%B3%D9%88%D8%AF%D8%A7%D9%86
كشف عن محادثات إسرائيلية مصرية قطرية.. ويتكوف: هذا ما رأيته في غزة,"كشف المبعوث الأميركي للشرق الأوسط ستيف ويتكوف، الأحد، إجراء محادثات شملت مسؤولين إسرائيليين وقطريين ومصريين بشأن اتفاق وقف إطلاق النار في غزة.
وقال ويتكوف، في مقابلة مع قناة ""فوكس نيوز"" الأميركية، إنه أجرى محادثات منفصلة في الموضوع مع رئيس الوزراء الإسرائيلي بنيامين نتانياهو ورئيس الوزراء القطري محمد بن عبد الرحمن آل ثاني، ورئيس المخابرات المصرية، حسن رشاد.
وأكد أن ""المحادثات ستستمر لمعرفة كيفية الوصول إلى نهاية المرحلة الثانية من اتفاق غزة بنجاح"".
وذكر المسؤول الأميركي أن اتفاق وقف إطلاق النار في غزة ""قائم حتى الآن""، كاشفا أن وفدا إسرائيليا سيتوجه إلى الدوحة لبحث الأمر"".
وأشار ويتكوف إلى إمكانية حدوث ""إطلاق نار خفيف"" في قطاع غزة، و""لكنه لن يؤثر على صمود هذا الاتفاق حتى الآن"".
ودعا المتحدث إلى ""محادثات مثمرة"" بشأن مستقبل غزة انطلاقا من خطة الرئيس دونالد ترامب، قائلا إن القطاع أصبح ""مكانًا تصعب الحياة فيه"".
وصرح قائلا ""ما رأيته في غزة إنذار.. القطاع مدمر بالكامل.. 30 ألفا من مواد والذخيرة غير منفجرة.. ثمة خطر على الحياة هناك"".
وبشأن الجدل المرتقب بمقترح ترامب نقل سكان غزة إلى مصر والأردن، أوضح المبعوث الأميركي إلى الشرق الأوسط ""لدينا المصريون يقولون إن لديهم خطة بشأن غزة وكذلك الأردنيون والرئيس ترامب أفصح عن خطته.. ربما علينا الانخراط في محادثات مثمرة حول مستقبل غزة"".",الحرة - واشنطن,16 فبراير 2025,https://media.voltron.alhurra.com/Drupal/01live-106/2019-12/el-saha_0.png,أميركا,https://www.alhurra.com/usa/2025/02/16/%D9%83%D8%B4%D9%81-%D9%85%D8%AD%D8%A7%D8%AF%D8%AB%D8%A7%D8%AA-%D8%A5%D8%B3%D8%B1%D8%A7%D8%A6%D9%8A%D9%84%D9%8A%D8%A9-%D9%85%D8%B5%D8%B1%D9%8A%D8%A9-%D9%82%D8%B7%D8%B1%D9%8A%D8%A9-%D9%88%D9%8A%D8%AA%D9%83%D9%88%D9%81-%D9%85%D8%A7-%D8%B1%D8%A3%D9%8A%D8%AA%D9%87-%D9%81%D9%8A-%D8%BA%D8%B2%D8%A9
بعد اجتماعات مع مسؤولين أميركيين.. العراق يحظر 5 بنوك من التعامل بالدولار,"قال البنك المركزي العراقي، الأحد، إن اجتماعاته مع نظرائه الأميركيين، ""تكللت بإشادة للخطوات التي اتخذها البنك والحكومة العراقية في إصلاح القطاع المصرفي"". وكشفت مصادر أسماء 5 بنوك محلية جديدة منعها العراق من التعامل بالدولار الأميركي.
وأعلن البنك في بيان الأحد انتهاء أولى اجتماعاته الفصلية لعام 2025 مع وزارة الخزانة الأميركية والاحتياطي الفيدرالي الأميركي، والتي عقدت في دبي.
وأضاف أن الخطوات التي اتخذها العراق تضمنت ""تطور نظام التوزيع النقذي للدولار الأميركي في العراق"". وكذلك، حدوث ""نقلة نوعية في عمليات التحويلات الخارجية"".
في المقابل نقلت وكالة رويترز عن ""مصدرين مطلعين"" الأحد، إن البنك المركزي العراقي سيحظر على خمسة بنوك محلية أخرى التعامل بالدولار، في خطوة تأتي بعد اجتماعات مع مسؤولين من وزارة الخزانة الأميركية في إطار جهود مكافحة غسل الأموال وتهريب الدولار وانتهاكات أخرى.
وقال أحد المصدرين للوكالة إن الخطوة تأتي بعد اجتماعات دبي الأسبوع الماضي بين مسؤولين من البنك المركزي العراقي، الذي حظر بالفعل العام الماضي على ثمانية بنوك التعامل بالدولار، ومسؤولين من وزارة الخزانة الأميركية ومجلس الاحتياطي الفيدرالي الأميركي.
وقال البنك المركزي العراقي إن البنوك المحظورة من التعامل بالدولار يُسمح لها بمواصلة عملها وإجراء معاملات بعملات أخرى.
وأشاد مسؤولون غربيون، وفقا للوكالة، بالتعاون مع رئيس الوزراء العراقي من أجل تنفيذ إصلاحات اقتصادية ومالية تهدف إلى الحد من قدرة إيران وحلفائها على الوصول إلى الأسواق الأميركية. ولكن من المتوقع أن تتزايد الضغوط في ظل إدارة ترامب.
والبنوك الخمسة هي مصرف المشرق العربي الإسلامي والمصرف المتحد للاستثمار ومصرف السنام الإسلامي ومصرف مسك الإسلامي ومصرف أمين العراق للاستثمار والتمويل الإسلامي.
ولم يرد البنك المركزي العراقي بعد على طلب للتعليق من رويترز، وفقا للوكالة.","سرمد القاص- بغداد,                  رويترز",16 فبراير 2025,https://media.voltron.alhurra.com/Drupal/01live-106/2019-12/el-saha_0.png,العراق,https://www.alhurra.com/iraq/2025/02/16/%D8%A7%D8%AC%D8%AA%D9%85%D8%A7%D8%B9%D8%A7%D8%AA-%D9%85%D8%B9-%D9%85%D8%B3%D8%A4%D9%88%D9%84%D9%8A%D9%86-%D8%A3%D9%85%D9%8A%D8%B1%D9%83%D9%8A%D9%8A%D9%86-%D8%A7%D9%84%D8%B9%D8%B1%D8%A7%D9%82-%D9%8A%D8%AD%D8%B8%D8%B1-5-%D8%A8%D9%86%D9%88%D9%83-%D8%A7%D9%84%D8%AA%D8%B9%D8%A7%D9%85%D9%84-%D8%A8%D8%A7%D9%84%D8%AF%D9%88%D9%84%D8%A7%D8%B1
طالبة طب تحصل على ميدالية هي الأولى في تاريخ الجزائر,"حصلت الجزائرية ريان سكور على الميدالية الذهبية الأولى في تاريخ الجزائر في الدوري العالمي ""سيري A الكوميتي"" للكاراتيه صنف سيدات بوزن أقل من 50 كيلوغرام.
وهنأ وزير التعليم العالي كمال بداري الطالبة بكلية الطب بجامعة علوم الصحة على ""الإنجاز التاريخي""، قائلا ""مبروك لجزائرنا المنتصرة انتصاراتها"".

وتُعد مسابقة ""سيري A الكوميتي"" جزءًا من البطولات العالمية التي ينظمها الاتحاد العالمي للكاراتيه، وهي مخصصة للمنافسين الدوليين الذين يسعون لجمع النقاط وتحسين تصنيفهم العالمي.
وتتميز المسابقة بكونها محطة تأهيلية للرياضيين الطامحين للمشاركة في بطولات الدوري الممتاز (Karate 1 - Premier League)، وتقام سنويًا في عدة مدن حول العالم، حيث تستقطب نخبة من لاعبي الكاراتيه في فئة الكوميتي (القتال) والكاتا (العروض الفنية).",الحرة - واشنطن,16 فبراير 2025,https://media.voltron.alhurra.com/Drupal/01live-106/2019-12/el-saha_0.png,رياضة,https://www.alhurra.com/sport/2025/02/16/%D8%B7%D8%A7%D9%84%D8%A8%D8%A9-%D8%B7%D8%A8-%D8%AA%D8%AD%D8%B5%D9%84-%D9%85%D9%8A%D8%AF%D8%A7%D9%84%D9%8A%D8%A9-%D9%87%D9%8A-%D8%A7%D9%84%D8%A3%D9%88%D9%84%D9%89-%D9%81%D9%8A-%D8%AA%D8%A7%D8%B1%D9%8A%D8%AE-%D8%A7%D9%84%D8%AC%D8%B2%D8%A7%D8%A6%D8%B1
"""الخوف مستمر"".. تقرير عن العلويين في سوريا","تناولت صحيفة الغارديان، في تقرير الأحد، ما وصفته بالمخاوف المستمرة للعلويين في بعض المدن السورية، من حملات انتقام، منذ سقوط نظام بشار الأسد، في ديسمبر الماضي.
عن حمص، يقول تقرير الصحيفة إن التوتر بات يسود العلاقات بين المجتمعين العلوي والسني، في المدينة التي كانت مركزا للاحتجاجات ضد نظام الأسد.
يخشى العلويون مداهمة أمنية متكررة ينفذها مسلحون تابعون للحكومة الجديدة.
ويشعر العديد من العلويين، الذين خدموا سابقا في قوات الأمن التابعة للأسد، حتى بعض الذي عارضوا نظام الأسد، بالتهميش، وبأنهم باتوا عرضة لحملات انتقام من دون حماية.
في الوقت ذاته، يسعى السنة، وفق الصحيفة، إلى تحقيق العدالة بشأن الجرائم التي ارتكبها النظام السابق، على الرغم من أن المسؤولين عنها غالبا ما يظلون مجهولين.
لا تزال آثار الحرب الأهلية بادية على المدينة، حيث تحولت أحياء كاملة إلى أنقاض بسبب غارات الجوية التي شنها نظام الأسد، من دون تمييز بين سني وعلوي من سكانها.
يحذر تقرير الصحيفة من مخاطر توسع نطاق الصراع الأهلي في سوريا.
ويشير إلى وجود مقاتلين من هيئة تحرير الشام في جميع أنحاء مدينة حمص. يحرسون التقاطعات ويحاولون الحفاظ على السلام بين المجتمعات المنقسمة.
ويتهم العلويون، الذين يخشون الهجمات الانتقامية، الحكومة الجديدة بالتقاعس، في حين ينظر السنة إلى بقايا النظام السابق باعتبارهم مشكلة.
وتظل خطط الحكومة الجديدة في هذا الشأن غامضة، بحسب الصحيفة.",الحرة - واشنطن,16 فبراير 2025,https://media.voltron.alhurra.com/Drupal/01live-106/2019-12/el-saha_0.png,آخر الأخبار,https://www.alhurra.com/latest/2025/02/16/%D8%A7%D9%84%D8%AE%D9%88%D9%81-%D9%85%D8%B3%D8%AA%D9%85%D8%B1-%D8%AA%D9%82%D8%B1%D9%8A%D8%B1-%D8%A7%D9%84%D8%B9%D9%84%D9%88%D9%8A%D9%8A%D9%86-%D9%81%D9%8A-%D8%B3%D9%88%D8%B1%D9%8A%D8%A7
